gpa,core_subject_score,academic_consistency,research_participation,programming_skill,domain_knowledge,tool_proficiency,certification_count,internship_count,internship_duration,industry_relevance,project_experience,communication_skill,teamwork_ability,leadership_potential,adaptability,learning_motivation,career_clarity,market_awareness,higher_study_interest,target_industry_code,workshop_participation,online_course_hours,networking_activity,learning_path_generation_time,employment_competitiveness_score
7.19,66.0,2.14,1.0,48.0,51.0,35.0,2.0,3.0,13.0,0.09,5.0,92.0,65.0,50.0,90.0,50.0,89.0,93.0,0.0,7.0,6.0,243.4,23.0,8.98,30.55
8.79,83.0,1.22,0.0,54.0,52.0,79.0,5.0,3.0,3.9,1.0,5.0,66.0,79.0,89.0,81.0,77.0,36.0,88.0,1.0,3.0,5.0,96.5,55.0,6.21,66.03
6.2,87.0,2.16,0.0,79.0,95.0,47.0,3.0,2.0,5.1,0.89,0.0,66.0,48.0,60.0,88.0,73.0,86.0,86.0,0.0,3.0,3.0,220.0,63.0,7.17,47.25
8.21,65.0,2.15,0.0,65.0,82.0,91.0,2.0,2.0,8.2,0.0,5.0,50.0,75.0,96.0,73.0,56.0,33.0,95.0,1.0,6.0,6.0,117.8,54.0,4.57,43.92
5.59,80.0,0.98,0.0,56.0,49.0,87.0,0.0,0.0,17.7,0.11,5.0,78.0,96.0,36.0,56.0,81.0,54.0,55.0,1.0,2.0,4.0,218.5,37.0,4.92,26.42
6.46,83.0,1.4,1.0,74.0,98.0,35.0,0.0,4.0,1.6,0.87,2.0,60.0,77.0,77.0,41.0,65.0,61.0,91.0,0.0,5.0,10.0,40.5,60.0,9.17,37.39
6.33,71.0,1.8,1.0,91.0,54.0,68.0,2.0,1.0,10.8,0.94,1.0,57.0,60.0,32.0,40.0,63.0,66.0,77.0,0.0,7.0,1.0,243.8,83.0,5.5,23.22
6.87,89.0,1.74,0.0,44.0,56.0,41.0,0.0,4.0,7.5,0.05,5.0,60.0,91.0,79.0,82.0,60.0,32.0,97.0,0.0,5.0,3.0,153.0,81.0,8.45,31.77
7.44,93.0,2.18,0.0,44.0,48.0,51.0,2.0,4.0,1.0,0.66,5.0,43.0,78.0,35.0,49.0,72.0,63.0,85.0,0.0,1.0,11.0,248.9,22.0,8.37,26.15
6.81,69.0,1.44,1.0,59.0,75.0,80.0,0.0,4.0,9.3,0.29,6.0,52.0,86.0,78.0,76.0,83.0,94.0,90.0,0.0,4.0,3.0,132.1,56.0,6.72,54.6
8.25,83.0,2.46,0.0,54.0,62.0,52.0,4.0,3.0,9.1,0.25,3.0,57.0,59.0,52.0,87.0,89.0,37.0,77.0,0.0,6.0,6.0,210.0,60.0,11.48,42.17
6.13,83.0,1.77,0.0,57.0,60.0,77.0,2.0,3.0,2.7,0.33,4.0,91.0,50.0,49.0,95.0,62.0,38.0,58.0,0.0,2.0,6.0,37.3,39.0,9.4,25.49
6.4,74.0,0.64,0.0,43.0,56.0,38.0,4.0,1.0,3.5,0.67,7.0,66.0,45.0,31.0,75.0,65.0,99.0,44.0,1.0,6.0,9.0,31.9,24.0,1.01,19.06
7.81,76.0,0.85,0.0,81.0,78.0,81.0,2.0,0.0,4.5,0.39,7.0,99.0,45.0,74.0,70.0,99.0,62.0,57.0,1.0,7.0,1.0,74.0,44.0,5.22,56.07
8.17,65.0,2.21,0.0,84.0,80.0,31.0,0.0,0.0,3.1,0.25,1.0,58.0,72.0,69.0,94.0,77.0,83.0,49.0,0.0,5.0,4.0,88.7,58.0,4.16,26.49
9.14,70.0,1.11,0.0,85.0,79.0,32.0,0.0,2.0,0.4,0.59,5.0,79.0,95.0,82.0,55.0,69.0,43.0,50.0,0.0,4.0,9.0,176.9,73.0,7.25,47.33
6.87,91.0,0.93,0.0,48.0,99.0,88.0,4.0,3.0,12.1,0.57,7.0,56.0,87.0,78.0,52.0,75.0,70.0,68.0,1.0,1.0,8.0,222.3,41.0,6.59,71.03
5.94,74.0,0.57,0.0,69.0,78.0,99.0,3.0,1.0,9.4,0.48,5.0,60.0,93.0,61.0,64.0,75.0,31.0,67.0,1.0,5.0,10.0,72.2,97.0,1.85,51.03
8.58,60.0,1.11,0.0,92.0,85.0,77.0,2.0,0.0,16.2,0.55,4.0,61.0,69.0,90.0,69.0,71.0,48.0,77.0,0.0,2.0,7.0,132.2,38.0,3.01,59.0
6.05,59.0,2.38,1.0,74.0,48.0,48.0,3.0,2.0,14.5,0.57,7.0,89.0,56.0,30.0,95.0,54.0,31.0,52.0,0.0,5.0,6.0,0.4,87.0,6.28,23.99
7.73,57.0,2.24,0.0,76.0,73.0,96.0,0.0,2.0,14.3,0.72,0.0,78.0,85.0,92.0,46.0,66.0,56.0,95.0,0.0,7.0,10.0,144.9,52.0,8.62,45.78
5.65,55.0,2.03,0.0,81.0,85.0,34.0,5.0,1.0,2.3,0.11,1.0,87.0,51.0,64.0,96.0,98.0,31.0,54.0,0.0,3.0,0.0,203.9,41.0,7.05,22.57
6.66,69.0,1.83,0.0,75.0,94.0,40.0,0.0,1.0,3.1,0.14,3.0,71.0,91.0,74.0,91.0,51.0,39.0,80.0,1.0,4.0,8.0,0.9,30.0,9.66,23.14
8.48,88.0,1.02,0.0,95.0,59.0,97.0,1.0,1.0,4.6,0.07,2.0,88.0,84.0,94.0,43.0,56.0,48.0,98.0,1.0,7.0,5.0,182.0,35.0,1.24,55.59
7.96,78.0,1.62,0.0,76.0,60.0,92.0,4.0,3.0,7.4,0.06,6.0,84.0,58.0,53.0,77.0,69.0,85.0,69.0,1.0,6.0,4.0,165.4,28.0,6.39,59.32
9.86,72.0,1.39,1.0,99.0,96.0,41.0,2.0,2.0,2.3,0.19,4.0,43.0,92.0,77.0,69.0,79.0,79.0,56.0,0.0,5.0,0.0,62.0,97.0,10.79,61.61
8.99,69.0,1.42,1.0,95.0,49.0,70.0,3.0,4.0,17.5,0.49,7.0,92.0,61.0,39.0,49.0,60.0,74.0,58.0,1.0,5.0,11.0,61.5,98.0,11.77,67.58
9.73,70.0,2.23,1.0,48.0,78.0,31.0,5.0,3.0,4.2,0.83,3.0,40.0,79.0,42.0,69.0,80.0,88.0,98.0,0.0,6.0,0.0,46.6,81.0,2.18,50.37
8.19,62.0,1.26,0.0,46.0,45.0,74.0,0.0,3.0,6.1,0.63,3.0,46.0,45.0,39.0,46.0,51.0,50.0,48.0,0.0,6.0,8.0,88.3,25.0,0.68,0.0
9.65,79.0,2.45,0.0,41.0,83.0,77.0,3.0,0.0,2.6,0.35,6.0,48.0,94.0,69.0,75.0,97.0,84.0,59.0,0.0,6.0,6.0,247.2,20.0,9.55,52.51
6.38,83.0,1.35,1.0,95.0,70.0,51.0,0.0,1.0,5.6,0.31,2.0,55.0,80.0,84.0,63.0,64.0,70.0,39.0,0.0,5.0,11.0,91.8,55.0,7.27,30.5
6.72,61.0,1.06,1.0,79.0,68.0,58.0,5.0,2.0,8.9,0.32,4.0,45.0,86.0,76.0,59.0,97.0,64.0,88.0,0.0,6.0,11.0,226.4,22.0,8.84,50.81
9.23,57.0,2.22,1.0,78.0,79.0,64.0,0.0,4.0,13.2,0.29,2.0,41.0,49.0,81.0,88.0,54.0,34.0,44.0,0.0,2.0,1.0,110.4,26.0,9.58,28.1
7.11,83.0,1.08,0.0,60.0,90.0,44.0,4.0,0.0,1.6,0.03,6.0,48.0,63.0,47.0,71.0,83.0,80.0,50.0,1.0,6.0,6.0,73.2,83.0,1.53,36.22
6.76,78.0,2.32,0.0,62.0,86.0,89.0,3.0,0.0,12.0,0.82,4.0,43.0,87.0,47.0,98.0,82.0,86.0,80.0,1.0,2.0,9.0,147.1,60.0,7.15,56.87
7.94,57.0,2.01,0.0,68.0,98.0,71.0,2.0,2.0,16.1,0.45,1.0,84.0,83.0,53.0,78.0,94.0,87.0,63.0,1.0,5.0,4.0,34.2,73.0,7.97,59.38
5.84,79.0,2.43,0.0,90.0,93.0,93.0,1.0,2.0,12.9,0.82,0.0,82.0,56.0,52.0,65.0,52.0,79.0,45.0,0.0,7.0,0.0,151.7,82.0,9.65,39.85
9.94,84.0,1.95,1.0,44.0,82.0,61.0,5.0,2.0,7.9,0.12,3.0,84.0,63.0,50.0,75.0,96.0,66.0,68.0,0.0,5.0,3.0,132.5,20.0,11.97,56.78
9.17,74.0,2.25,0.0,70.0,93.0,95.0,0.0,1.0,2.3,0.4,5.0,78.0,56.0,98.0,74.0,70.0,85.0,67.0,0.0,7.0,4.0,114.9,88.0,4.38,59.11
8.68,90.0,0.73,0.0,89.0,53.0,67.0,3.0,4.0,8.6,0.22,3.0,64.0,62.0,60.0,51.0,90.0,74.0,56.0,,3.0,8.0,111.0,36.0,1.29,63.5
8.97,92.0,1.58,0.0,83.0,51.0,55.0,0.0,0.0,4.6,0.33,7.0,74.0,95.0,99.0,75.0,71.0,97.0,57.0,0.0,4.0,11.0,245.0,72.0,2.29,65.97
5.83,76.0,0.69,1.0,94.0,67.0,58.0,2.0,1.0,8.7,0.18,1.0,56.0,92.0,48.0,53.0,54.0,86.0,97.0,,6.0,3.0,34.8,74.0,3.42,33.51
6.02,78.0,0.52,1.0,84.0,93.0,54.0,5.0,3.0,12.4,0.48,5.0,99.0,78.0,94.0,85.0,86.0,66.0,94.0,1.0,7.0,2.0,100.5,76.0,11.64,83.89
9.38,62.0,1.44,0.0,41.0,68.0,77.0,1.0,2.0,15.1,0.87,5.0,66.0,92.0,35.0,84.0,63.0,66.0,39.0,0.0,7.0,4.0,127.9,84.0,11.41,45.25
8.3,65.0,1.1,0.0,64.0,84.0,94.0,5.0,2.0,7.5,0.03,5.0,54.0,77.0,56.0,84.0,88.0,43.0,88.0,1.0,5.0,4.0,190.6,56.0,2.72,62.24
6.99,67.0,1.7,0.0,52.0,99.0,82.0,0.0,4.0,13.8,0.64,6.0,99.0,93.0,81.0,63.0,90.0,73.0,72.0,,6.0,9.0,39.3,26.0,10.86,66.49
8.37,84.0,2.31,1.0,94.0,84.0,50.0,0.0,2.0,15.2,0.93,6.0,54.0,69.0,67.0,61.0,89.0,57.0,43.0,0.0,1.0,10.0,48.1,39.0,11.45,57.3
9.49,72.0,2.2,0.0,45.0,92.0,94.0,0.0,2.0,6.2,0.33,7.0,81.0,68.0,39.0,62.0,71.0,33.0,63.0,0.0,2.0,9.0,192.7,50.0,4.33,44.21
6.04,92.0,1.69,0.0,97.0,87.0,56.0,2.0,1.0,12.8,0.01,6.0,73.0,82.0,35.0,53.0,97.0,89.0,61.0,1.0,6.0,6.0,199.8,31.0,1.37,58.67
8.71,86.0,2.28,0.0,74.0,78.0,99.0,4.0,4.0,10.6,0.01,0.0,87.0,77.0,35.0,51.0,78.0,47.0,89.0,1.0,4.0,5.0,117.2,41.0,10.3,60.28
8.03,79.0,0.66,1.0,50.0,68.0,57.0,0.0,0.0,10.4,0.1,6.0,47.0,81.0,44.0,43.0,67.0,90.0,86.0,0.0,7.0,7.0,229.4,20.0,8.56,26.47
8.97,87.0,0.98,1.0,93.0,93.0,74.0,2.0,3.0,6.2,0.26,6.0,86.0,77.0,97.0,98.0,84.0,78.0,47.0,1.0,7.0,9.0,102.1,22.0,8.35,90.05
7.72,92.0,2.09,0.0,59.0,70.0,46.0,2.0,3.0,1.5,0.18,3.0,49.0,67.0,86.0,85.0,93.0,76.0,76.0,0.0,2.0,4.0,58.2,95.0,8.28,47.58
7.85,62.0,0.57,0.0,44.0,60.0,69.0,0.0,1.0,17.9,0.03,1.0,44.0,55.0,85.0,90.0,65.0,68.0,49.0,0.0,7.0,1.0,216.8,40.0,6.33,19.67
7.42,65.0,1.67,0.0,58.0,91.0,32.0,5.0,1.0,2.3,0.91,5.0,91.0,68.0,36.0,52.0,99.0,35.0,52.0,0.0,7.0,6.0,40.4,32.0,3.69,34.44
5.99,78.0,2.21,1.0,98.0,59.0,75.0,1.0,3.0,15.8,0.74,1.0,92.0,51.0,87.0,94.0,56.0,54.0,36.0,1.0,1.0,7.0,230.8,32.0,11.56,44.98
8.36,66.0,0.63,1.0,58.0,48.0,98.0,1.0,1.0,11.7,0.91,4.0,61.0,65.0,55.0,82.0,68.0,34.0,81.0,0.0,2.0,9.0,48.9,25.0,1.75,39.16
6.91,86.0,2.16,1.0,86.0,60.0,38.0,5.0,2.0,5.9,0.89,6.0,83.0,64.0,87.0,67.0,72.0,94.0,84.0,1.0,7.0,6.0,38.1,44.0,0.77,63.12
7.79,69.0,1.7,0.0,55.0,74.0,40.0,5.0,0.0,7.0,0.65,2.0,62.0,97.0,60.0,77.0,57.0,37.0,46.0,0.0,2.0,8.0,63.1,42.0,6.24,26.83
9.58,70.0,0.73,0.0,63.0,88.0,98.0,0.0,2.0,4.7,0.67,5.0,52.0,54.0,95.0,80.0,66.0,68.0,47.0,0.0,4.0,7.0,97.9,45.0,9.42,53.66
6.8,94.0,1.64,0.0,94.0,66.0,66.0,5.0,3.0,0.8,0.34,2.0,96.0,59.0,58.0,77.0,89.0,74.0,79.0,1.0,3.0,9.0,227.2,20.0,11.05,63.83
9.68,87.0,1.36,0.0,94.0,94.0,60.0,2.0,3.0,10.5,0.29,0.0,63.0,84.0,83.0,42.0,78.0,32.0,68.0,0.0,2.0,0.0,143.4,42.0,5.19,62.56
9.14,56.0,1.13,0.0,53.0,99.0,40.0,1.0,1.0,16.6,0.56,3.0,83.0,84.0,34.0,58.0,69.0,51.0,50.0,0.0,6.0,8.0,80.4,41.0,4.56,37.15
8.35,87.0,1.37,0.0,88.0,93.0,31.0,1.0,2.0,0.9,0.1,4.0,72.0,94.0,64.0,59.0,69.0,85.0,97.0,1.0,2.0,2.0,64.2,81.0,5.36,56.59
9.12,67.0,1.7,0.0,77.0,99.0,31.0,1.0,0.0,15.4,0.14,5.0,99.0,81.0,84.0,50.0,61.0,54.0,66.0,0.0,2.0,5.0,204.5,78.0,5.49,52.79
6.34,84.0,2.29,0.0,75.0,65.0,50.0,2.0,3.0,4.4,0.22,1.0,87.0,46.0,98.0,95.0,82.0,77.0,72.0,0.0,5.0,3.0,23.4,87.0,4.23,45.03
9.52,87.0,1.39,0.0,46.0,48.0,87.0,0.0,2.0,15.8,0.56,7.0,69.0,56.0,73.0,56.0,74.0,60.0,90.0,0.0,5.0,0.0,68.9,38.0,9.05,49.34
9.53,76.0,1.68,0.0,88.0,75.0,74.0,5.0,2.0,16.8,0.23,2.0,84.0,57.0,51.0,88.0,53.0,39.0,75.0,1.0,6.0,10.0,233.3,67.0,8.51,68.95
6.53,92.0,1.52,0.0,86.0,97.0,67.0,4.0,0.0,0.8,0.99,5.0,75.0,60.0,34.0,53.0,75.0,38.0,84.0,1.0,4.0,0.0,228.6,41.0,2.7,45.84
9.18,80.0,1.27,1.0,79.0,59.0,54.0,3.0,2.0,8.5,0.46,5.0,58.0,70.0,78.0,78.0,75.0,91.0,84.0,0.0,7.0,11.0,178.2,85.0,7.64,69.59
7.8,94.0,2.4,1.0,57.0,60.0,55.0,1.0,4.0,8.7,0.52,1.0,42.0,91.0,43.0,42.0,81.0,53.0,75.0,1.0,3.0,1.0,125.8,40.0,1.56,31.49
7.02,63.0,1.77,0.0,58.0,61.0,30.0,3.0,0.0,10.3,0.53,6.0,86.0,94.0,93.0,80.0,58.0,95.0,73.0,1.0,1.0,2.0,75.7,48.0,7.11,38.88
9.74,60.0,0.64,0.0,81.0,94.0,80.0,1.0,3.0,11.2,0.32,7.0,50.0,64.0,73.0,61.0,63.0,39.0,90.0,1.0,2.0,4.0,138.9,79.0,7.62,62.63
6.95,63.0,1.01,0.0,56.0,81.0,34.0,3.0,4.0,9.1,0.26,3.0,81.0,46.0,99.0,77.0,62.0,53.0,86.0,1.0,5.0,2.0,219.0,53.0,11.24,37.53
9.87,66.0,0.78,0.0,66.0,89.0,77.0,2.0,0.0,0.2,0.15,3.0,56.0,66.0,44.0,80.0,68.0,35.0,60.0,0.0,4.0,4.0,23.8,53.0,4.63,32.51
6.78,61.0,0.89,0.0,45.0,64.0,51.0,3.0,0.0,6.3,0.89,2.0,62.0,80.0,67.0,93.0,51.0,42.0,69.0,0.0,4.0,10.0,82.5,95.0,10.76,20.65
5.67,65.0,1.72,0.0,63.0,96.0,86.0,0.0,2.0,16.5,0.94,4.0,85.0,77.0,92.0,86.0,67.0,88.0,94.0,0.0,4.0,8.0,182.5,63.0,5.6,63.17
7.76,70.0,0.91,1.0,62.0,89.0,83.0,3.0,0.0,12.1,0.64,7.0,68.0,94.0,48.0,58.0,78.0,85.0,86.0,0.0,6.0,3.0,104.3,46.0,0.87,62.32
5.73,58.0,1.53,1.0,45.0,88.0,32.0,0.0,3.0,0.1,0.3,6.0,43.0,90.0,81.0,81.0,73.0,70.0,82.0,0.0,4.0,1.0,203.3,80.0,5.9,20.89
6.58,80.0,0.94,1.0,94.0,97.0,98.0,1.0,2.0,1.7,0.2,3.0,58.0,91.0,43.0,98.0,78.0,67.0,92.0,1.0,4.0,5.0,114.9,94.0,9.58,63.23
6.15,57.0,0.57,1.0,56.0,48.0,62.0,4.0,0.0,6.0,0.44,4.0,66.0,71.0,42.0,79.0,71.0,96.0,98.0,0.0,3.0,8.0,4.9,81.0,3.9,28.83
7.7,68.0,0.72,0.0,85.0,78.0,79.0,5.0,0.0,6.7,0.06,4.0,68.0,49.0,56.0,93.0,85.0,63.0,64.0,0.0,6.0,4.0,43.0,85.0,5.7,53.7
9.94,65.0,1.18,1.0,63.0,46.0,45.0,4.0,0.0,3.9,0.98,5.0,95.0,75.0,38.0,84.0,50.0,99.0,63.0,0.0,4.0,3.0,185.3,43.0,6.66,45.59
8.52,66.0,1.64,1.0,65.0,99.0,75.0,5.0,4.0,8.0,0.56,5.0,74.0,79.0,77.0,46.0,89.0,56.0,73.0,1.0,2.0,4.0,243.1,31.0,1.64,72.12
8.93,77.0,1.53,1.0,90.0,54.0,76.0,0.0,1.0,0.6,0.66,1.0,91.0,98.0,41.0,43.0,83.0,77.0,89.0,0.0,5.0,7.0,47.5,35.0,6.89,45.67
8.78,67.0,2.36,1.0,67.0,86.0,38.0,3.0,2.0,14.6,0.03,4.0,98.0,50.0,35.0,51.0,97.0,47.0,52.0,0.0,6.0,1.0,34.7,21.0,1.29,38.32
7.16,79.0,1.29,0.0,42.0,85.0,79.0,4.0,4.0,12.4,0.61,6.0,62.0,70.0,63.0,87.0,82.0,56.0,75.0,1.0,4.0,4.0,46.2,81.0,7.79,63.92
8.35,90.0,1.73,0.0,77.0,83.0,44.0,3.0,0.0,12.6,0.42,2.0,85.0,45.0,70.0,99.0,87.0,84.0,80.0,0.0,4.0,7.0,243.8,48.0,1.69,66.83
9.26,86.0,1.51,0.0,65.0,54.0,98.0,3.0,2.0,4.9,0.22,4.0,91.0,80.0,44.0,47.0,69.0,63.0,79.0,1.0,7.0,2.0,168.3,34.0,1.7,53.86
6.94,72.0,2.25,0.0,87.0,82.0,70.0,1.0,0.0,15.0,0.16,6.0,47.0,56.0,46.0,46.0,75.0,87.0,94.0,0.0,5.0,5.0,18.5,74.0,5.87,37.12
6.34,60.0,1.49,1.0,60.0,71.0,53.0,0.0,3.0,17.6,0.37,3.0,94.0,64.0,45.0,43.0,64.0,77.0,62.0,0.0,3.0,1.0,203.8,52.0,2.75,25.46
5.68,72.0,1.9,1.0,93.0,95.0,78.0,1.0,2.0,8.9,0.85,7.0,41.0,67.0,57.0,97.0,56.0,83.0,37.0,0.0,3.0,5.0,161.7,71.0,2.37,49.49
8.55,76.0,0.76,1.0,78.0,52.0,36.0,4.0,1.0,2.5,0.38,4.0,79.0,74.0,39.0,58.0,99.0,32.0,42.0,0.0,7.0,7.0,157.7,92.0,6.17,40.71
5.57,91.0,1.05,0.0,69.0,45.0,33.0,3.0,2.0,5.8,0.59,3.0,96.0,73.0,39.0,46.0,78.0,53.0,93.0,0.0,2.0,4.0,149.1,57.0,3.23,30.74
7.8,86.0,1.29,0.0,98.0,72.0,98.0,5.0,4.0,10.4,0.72,3.0,60.0,75.0,57.0,49.0,72.0,30.0,95.0,0.0,5.0,0.0,16.2,22.0,1.61,68.64
8.4,82.0,1.32,0.0,90.0,83.0,84.0,2.0,3.0,17.0,0.17,1.0,91.0,85.0,48.0,83.0,69.0,48.0,46.0,0.0,2.0,11.0,97.7,85.0,6.71,72.69
8.61,89.0,1.93,0.0,87.0,65.0,58.0,2.0,4.0,16.4,0.62,4.0,75.0,98.0,85.0,74.0,82.0,37.0,83.0,1.0,2.0,0.0,60.8,26.0,5.92,75.14
7.24,83.0,1.72,0.0,71.0,74.0,52.0,4.0,4.0,14.0,0.98,7.0,87.0,48.0,96.0,97.0,66.0,98.0,51.0,1.0,7.0,4.0,143.2,54.0,1.29,79.04
6.12,87.0,2.15,0.0,98.0,93.0,78.0,4.0,0.0,10.9,0.7,4.0,77.0,85.0,41.0,68.0,62.0,76.0,78.0,1.0,6.0,5.0,166.8,79.0,4.41,62.97
7.03,61.0,2.41,0.0,46.0,53.0,62.0,3.0,2.0,11.3,0.22,2.0,66.0,59.0,47.0,95.0,93.0,57.0,66.0,0.0,6.0,3.0,239.1,43.0,1.69,26.06
9.66,84.0,0.5,1.0,84.0,49.0,50.0,0.0,4.0,11.3,0.51,0.0,87.0,52.0,35.0,90.0,96.0,33.0,83.0,1.0,3.0,1.0,145.5,31.0,4.48,55.25
6.66,85.0,0.6,0.0,68.0,96.0,52.0,4.0,1.0,17.8,0.17,4.0,94.0,59.0,71.0,79.0,56.0,90.0,50.0,0.0,6.0,3.0,158.0,83.0,2.5,62.51
8.47,78.0,1.02,0.0,47.0,84.0,86.0,3.0,0.0,13.2,0.26,1.0,60.0,94.0,95.0,51.0,57.0,46.0,46.0,0.0,2.0,6.0,41.4,23.0,1.76,38.76
9.18,74.0,0.62,1.0,95.0,82.0,87.0,4.0,0.0,14.0,0.04,7.0,52.0,83.0,59.0,91.0,72.0,63.0,42.0,0.0,5.0,5.0,78.7,24.0,6.43,70.04
7.88,58.0,1.87,0.0,43.0,63.0,49.0,3.0,0.0,3.9,0.49,6.0,86.0,62.0,71.0,99.0,53.0,63.0,82.0,0.0,2.0,8.0,184.6,46.0,1.54,29.78
5.92,74.0,1.27,0.0,98.0,94.0,48.0,2.0,3.0,8.7,0.17,0.0,79.0,46.0,69.0,41.0,95.0,39.0,62.0,0.0,7.0,10.0,156.7,91.0,3.52,42.18
8.35,90.0,0.74,0.0,84.0,58.0,52.0,5.0,1.0,8.0,0.09,1.0,78.0,60.0,79.0,64.0,79.0,86.0,49.0,0.0,1.0,7.0,141.6,65.0,0.93,58.66
8.77,56.0,0.64,1.0,66.0,87.0,47.0,0.0,1.0,0.7,0.25,5.0,62.0,99.0,75.0,62.0,60.0,32.0,38.0,0.0,7.0,10.0,38.7,71.0,7.79,26.24
9.54,69.0,0.66,0.0,40.0,93.0,62.0,0.0,3.0,11.1,0.89,3.0,97.0,46.0,75.0,87.0,71.0,75.0,75.0,0.0,3.0,10.0,87.6,53.0,4.65,61.63
8.39,60.0,1.84,0.0,77.0,54.0,83.0,2.0,2.0,10.7,0.82,5.0,81.0,49.0,34.0,75.0,63.0,39.0,81.0,,3.0,6.0,150.1,43.0,10.24,38.08
6.23,66.0,1.22,0.0,83.0,50.0,48.0,1.0,3.0,3.0,0.85,4.0,85.0,95.0,45.0,87.0,51.0,37.0,36.0,1.0,5.0,2.0,108.9,60.0,7.79,24.58
5.54,94.0,1.77,1.0,98.0,71.0,54.0,5.0,3.0,7.1,0.99,5.0,69.0,78.0,67.0,98.0,79.0,86.0,48.0,0.0,4.0,4.0,8.5,75.0,4.46,72.3
5.96,75.0,2.33,0.0,50.0,65.0,97.0,5.0,4.0,4.1,0.23,4.0,65.0,98.0,83.0,82.0,67.0,74.0,80.0,0.0,3.0,11.0,106.8,33.0,0.63,54.4
6.22,89.0,1.95,0.0,72.0,90.0,90.0,0.0,4.0,11.0,0.04,7.0,44.0,94.0,85.0,52.0,68.0,31.0,74.0,1.0,4.0,1.0,135.4,71.0,7.4,49.47
7.97,80.0,0.74,0.0,89.0,67.0,36.0,4.0,3.0,11.6,0.01,1.0,40.0,69.0,38.0,90.0,65.0,74.0,64.0,1.0,3.0,0.0,238.4,96.0,11.25,47.11
8.61,62.0,2.3,0.0,75.0,96.0,45.0,0.0,4.0,1.6,0.12,2.0,85.0,64.0,37.0,56.0,77.0,91.0,99.0,0.0,5.0,2.0,77.9,20.0,3.25,37.73
6.51,84.0,1.57,0.0,80.0,82.0,69.0,4.0,4.0,7.0,0.57,0.0,52.0,97.0,80.0,65.0,64.0,44.0,82.0,1.0,1.0,1.0,120.7,43.0,10.5,50.01
6.57,68.0,0.52,0.0,56.0,69.0,64.0,2.0,2.0,8.3,0.03,4.0,79.0,91.0,97.0,99.0,97.0,60.0,36.0,0.0,6.0,6.0,0.3,89.0,6.11,51.45
8.86,56.0,1.09,0.0,87.0,49.0,79.0,0.0,4.0,15.5,0.92,4.0,49.0,87.0,32.0,52.0,65.0,56.0,51.0,0.0,1.0,6.0,249.3,22.0,6.08,42.74
8.42,91.0,1.47,0.0,44.0,65.0,72.0,4.0,2.0,16.7,0.4,2.0,71.0,87.0,72.0,51.0,69.0,38.0,65.0,0.0,4.0,10.0,73.0,46.0,1.76,52.29
8.46,92.0,0.59,1.0,71.0,91.0,61.0,1.0,4.0,15.6,0.78,6.0,77.0,56.0,39.0,40.0,66.0,87.0,71.0,1.0,1.0,0.0,1.2,36.0,8.64,62.51
8.06,68.0,0.75,0.0,42.0,50.0,70.0,0.0,2.0,14.1,0.78,4.0,54.0,92.0,41.0,72.0,54.0,78.0,98.0,,7.0,8.0,151.1,34.0,3.27,35.88
5.92,93.0,1.62,0.0,91.0,73.0,35.0,2.0,2.0,16.8,0.52,6.0,54.0,49.0,75.0,91.0,54.0,86.0,64.0,0.0,6.0,10.0,111.8,58.0,10.7,51.17
7.15,79.0,1.19,1.0,86.0,63.0,56.0,5.0,1.0,4.4,0.86,7.0,96.0,46.0,59.0,94.0,88.0,45.0,68.0,0.0,4.0,4.0,132.6,23.0,7.84,57.58
6.69,74.0,1.96,0.0,74.0,77.0,49.0,5.0,2.0,10.4,0.39,2.0,87.0,98.0,61.0,53.0,62.0,37.0,52.0,1.0,2.0,1.0,136.0,36.0,11.46,35.99
9.88,93.0,2.19,0.0,53.0,89.0,95.0,4.0,0.0,14.8,0.24,1.0,90.0,99.0,92.0,86.0,85.0,48.0,83.0,1.0,1.0,11.0,192.5,31.0,0.54,85.66
7.27,60.0,1.88,1.0,87.0,47.0,38.0,0.0,0.0,0.1,0.28,7.0,59.0,74.0,55.0,82.0,79.0,96.0,90.0,1.0,4.0,9.0,138.9,51.0,1.88,28.46
9.51,71.0,1.36,1.0,70.0,86.0,82.0,3.0,0.0,10.2,0.05,2.0,54.0,91.0,32.0,95.0,53.0,65.0,92.0,1.0,2.0,9.0,67.5,46.0,6.79,51.45
8.34,79.0,1.85,1.0,70.0,65.0,90.0,2.0,4.0,6.1,0.8,5.0,74.0,87.0,52.0,97.0,72.0,89.0,61.0,0.0,7.0,3.0,234.3,63.0,11.49,70.3
8.1,89.0,2.08,0.0,63.0,84.0,99.0,4.0,4.0,15.3,0.23,4.0,96.0,95.0,42.0,43.0,55.0,80.0,57.0,1.0,3.0,11.0,95.3,92.0,2.5,76.27
6.38,59.0,2.1,0.0,62.0,69.0,30.0,1.0,4.0,15.4,0.83,3.0,70.0,68.0,67.0,90.0,96.0,83.0,85.0,0.0,7.0,4.0,72.9,22.0,9.28,41.92
8.75,55.0,2.14,0.0,57.0,89.0,99.0,5.0,2.0,4.8,0.55,7.0,87.0,95.0,34.0,78.0,80.0,46.0,62.0,0.0,5.0,2.0,80.3,48.0,7.31,59.15
6.76,94.0,2.22,1.0,89.0,82.0,74.0,2.0,2.0,9.4,0.62,2.0,86.0,74.0,49.0,40.0,68.0,91.0,91.0,0.0,6.0,9.0,3.8,54.0,6.81,56.05
5.61,66.0,2.33,0.0,93.0,89.0,76.0,2.0,2.0,8.1,0.47,3.0,71.0,81.0,43.0,80.0,87.0,71.0,92.0,1.0,6.0,7.0,182.5,67.0,5.86,52.42
9.73,85.0,1.66,0.0,54.0,96.0,83.0,3.0,4.0,11.9,0.13,4.0,91.0,55.0,42.0,73.0,99.0,77.0,81.0,0.0,7.0,4.0,219.5,43.0,3.98,80.89
9.62,64.0,1.7,1.0,45.0,89.0,60.0,4.0,2.0,13.3,0.34,2.0,57.0,67.0,94.0,63.0,64.0,36.0,46.0,1.0,7.0,3.0,139.1,34.0,8.21,38.96
9.68,70.0,1.25,1.0,89.0,99.0,46.0,5.0,0.0,2.1,0.52,2.0,79.0,94.0,32.0,56.0,89.0,41.0,83.0,0.0,4.0,6.0,211.6,79.0,3.63,63.2
9.84,64.0,0.79,0.0,47.0,50.0,87.0,3.0,2.0,1.4,0.24,5.0,50.0,99.0,71.0,48.0,54.0,49.0,60.0,1.0,7.0,10.0,135.7,94.0,2.05,39.91
9.34,66.0,2.28,0.0,54.0,95.0,53.0,4.0,1.0,7.7,0.18,5.0,45.0,48.0,50.0,83.0,55.0,83.0,81.0,1.0,5.0,0.0,226.7,30.0,7.36,35.96
6.83,84.0,1.19,0.0,42.0,97.0,92.0,2.0,1.0,10.0,0.06,0.0,95.0,77.0,39.0,74.0,72.0,84.0,76.0,1.0,3.0,7.0,45.3,75.0,3.73,46.78
7.23,55.0,0.81,0.0,86.0,57.0,54.0,0.0,0.0,5.9,0.76,2.0,64.0,98.0,86.0,62.0,52.0,87.0,65.0,0.0,5.0,1.0,88.2,37.0,7.57,24.19
9.33,59.0,0.55,0.0,52.0,93.0,88.0,2.0,1.0,13.0,0.43,6.0,40.0,91.0,54.0,93.0,86.0,59.0,56.0,1.0,2.0,3.0,82.8,31.0,1.45,58.61
6.93,74.0,1.79,0.0,80.0,67.0,61.0,4.0,1.0,11.6,0.63,0.0,64.0,58.0,85.0,86.0,82.0,53.0,51.0,1.0,7.0,2.0,89.0,35.0,1.83,41.07
6.26,62.0,1.77,0.0,73.0,53.0,47.0,2.0,2.0,6.0,0.73,4.0,41.0,63.0,67.0,78.0,92.0,32.0,54.0,1.0,1.0,5.0,10.5,46.0,6.67,17.16
8.63,74.0,1.32,0.0,71.0,63.0,38.0,3.0,0.0,11.5,0.39,6.0,72.0,75.0,83.0,40.0,50.0,43.0,72.0,1.0,1.0,10.0,216.5,54.0,10.01,36.69
8.27,91.0,1.71,0.0,91.0,98.0,83.0,4.0,0.0,12.5,0.49,5.0,63.0,88.0,33.0,90.0,66.0,79.0,63.0,1.0,3.0,1.0,95.2,36.0,6.89,71.77
6.13,91.0,0.94,0.0,52.0,86.0,82.0,3.0,1.0,17.0,0.87,0.0,43.0,99.0,72.0,49.0,57.0,56.0,81.0,0.0,3.0,8.0,247.6,20.0,5.31,43.96
7.83,82.0,2.48,1.0,40.0,64.0,92.0,2.0,2.0,14.7,0.17,0.0,63.0,74.0,91.0,40.0,75.0,57.0,79.0,0.0,1.0,5.0,206.5,68.0,5.08,37.01
9.45,69.0,1.41,1.0,73.0,53.0,40.0,2.0,4.0,10.6,0.14,7.0,62.0,65.0,33.0,44.0,77.0,38.0,52.0,0.0,4.0,1.0,135.2,60.0,7.16,35.35
8.83,60.0,1.88,0.0,54.0,61.0,60.0,4.0,0.0,4.5,0.63,2.0,68.0,91.0,94.0,42.0,83.0,55.0,84.0,0.0,4.0,2.0,119.1,39.0,4.14,34.58
8.66,68.0,1.47,0.0,53.0,91.0,48.0,1.0,0.0,6.1,0.02,7.0,60.0,99.0,31.0,89.0,62.0,31.0,56.0,,1.0,1.0,81.6,56.0,3.36,27.94
6.82,63.0,1.51,0.0,68.0,80.0,44.0,1.0,3.0,5.3,0.23,5.0,65.0,48.0,86.0,92.0,86.0,81.0,95.0,1.0,2.0,10.0,101.1,58.0,3.63,46.34
9.14,91.0,2.43,0.0,73.0,63.0,60.0,4.0,4.0,9.3,0.93,2.0,59.0,49.0,74.0,66.0,62.0,87.0,55.0,0.0,1.0,1.0,246.0,64.0,11.92,58.15
7.76,89.0,0.82,0.0,94.0,97.0,31.0,3.0,3.0,16.4,0.52,2.0,97.0,60.0,87.0,57.0,71.0,91.0,93.0,0.0,6.0,1.0,146.8,68.0,3.1,80.93
9.09,60.0,0.55,0.0,70.0,98.0,44.0,1.0,0.0,9.5,0.17,6.0,79.0,74.0,71.0,55.0,70.0,78.0,39.0,1.0,7.0,4.0,74.4,38.0,10.28,40.71
8.42,91.0,2.01,0.0,64.0,51.0,33.0,4.0,4.0,13.0,0.31,5.0,83.0,57.0,64.0,41.0,79.0,49.0,50.0,1.0,4.0,8.0,226.4,97.0,4.05,52.83
8.66,59.0,1.42,0.0,77.0,61.0,79.0,0.0,3.0,7.8,0.32,6.0,64.0,80.0,67.0,86.0,60.0,58.0,45.0,1.0,6.0,11.0,101.5,86.0,4.39,48.66
9.51,68.0,2.3,0.0,47.0,80.0,52.0,3.0,3.0,6.1,0.21,6.0,83.0,89.0,70.0,84.0,82.0,51.0,76.0,0.0,3.0,6.0,136.4,79.0,11.56,58.86
7.02,66.0,0.73,0.0,66.0,84.0,88.0,4.0,1.0,5.4,0.79,3.0,98.0,97.0,79.0,55.0,96.0,35.0,44.0,0.0,5.0,11.0,198.7,30.0,3.31,58.89
5.92,78.0,1.13,1.0,41.0,48.0,95.0,2.0,3.0,9.0,0.03,4.0,72.0,89.0,48.0,82.0,58.0,60.0,60.0,0.0,4.0,4.0,126.4,34.0,11.35,25.59
8.1,88.0,2.28,0.0,56.0,82.0,37.0,4.0,4.0,10.4,0.63,5.0,54.0,59.0,46.0,47.0,81.0,91.0,37.0,0.0,4.0,4.0,193.4,80.0,10.86,48.73
7.94,93.0,2.47,0.0,64.0,74.0,47.0,0.0,2.0,1.5,0.12,7.0,56.0,89.0,70.0,94.0,73.0,92.0,72.0,1.0,7.0,5.0,66.1,98.0,3.37,52.43
6.79,85.0,1.08,0.0,95.0,56.0,84.0,2.0,3.0,0.9,0.57,5.0,91.0,99.0,71.0,72.0,56.0,45.0,36.0,1.0,3.0,0.0,42.7,98.0,1.47,55.41
8.16,77.0,2.42,0.0,69.0,48.0,79.0,1.0,1.0,4.6,0.91,6.0,97.0,49.0,35.0,70.0,57.0,54.0,51.0,0.0,3.0,2.0,147.3,92.0,9.93,30.54
9.2,77.0,1.18,0.0,60.0,53.0,40.0,0.0,3.0,14.6,0.32,1.0,43.0,76.0,70.0,76.0,50.0,74.0,68.0,0.0,6.0,6.0,122.5,81.0,1.54,37.13
7.12,70.0,1.58,0.0,92.0,48.0,92.0,5.0,2.0,0.7,0.54,7.0,52.0,50.0,38.0,48.0,52.0,97.0,61.0,0.0,6.0,8.0,27.5,79.0,2.87,39.32
8.96,55.0,1.58,1.0,76.0,58.0,68.0,2.0,3.0,15.7,0.73,7.0,85.0,81.0,87.0,69.0,92.0,62.0,48.0,1.0,5.0,7.0,136.5,32.0,3.48,68.38
8.3,83.0,2.17,0.0,89.0,62.0,57.0,1.0,4.0,5.5,0.26,6.0,48.0,73.0,42.0,79.0,95.0,47.0,78.0,0.0,3.0,1.0,33.7,66.0,3.12,52.43
5.88,86.0,1.38,1.0,97.0,86.0,68.0,5.0,2.0,9.3,0.02,2.0,62.0,49.0,48.0,62.0,50.0,83.0,99.0,1.0,2.0,6.0,176.9,48.0,8.32,46.59
7.93,76.0,0.89,0.0,56.0,62.0,39.0,2.0,2.0,2.1,0.79,6.0,59.0,68.0,95.0,58.0,87.0,63.0,84.0,1.0,7.0,7.0,123.6,39.0,3.6,43.62
8.37,88.0,0.62,0.0,55.0,61.0,72.0,3.0,1.0,17.9,0.19,2.0,43.0,75.0,88.0,75.0,84.0,89.0,46.0,0.0,6.0,5.0,121.2,97.0,11.15,57.59
9.08,72.0,1.19,0.0,60.0,67.0,79.0,1.0,2.0,15.0,0.47,5.0,66.0,65.0,49.0,52.0,73.0,65.0,73.0,0.0,3.0,8.0,0.4,52.0,3.24,48.19
6.72,71.0,1.66,0.0,78.0,61.0,52.0,2.0,1.0,8.2,0.8,1.0,60.0,95.0,34.0,91.0,77.0,98.0,89.0,0.0,6.0,10.0,93.2,96.0,6.8,46.9
5.85,62.0,1.39,0.0,69.0,59.0,98.0,1.0,2.0,1.9,0.77,1.0,54.0,59.0,47.0,92.0,94.0,99.0,39.0,1.0,7.0,0.0,216.7,68.0,5.48,29.15
9.26,81.0,1.3,1.0,78.0,59.0,64.0,0.0,0.0,3.8,0.27,3.0,94.0,86.0,57.0,75.0,85.0,69.0,49.0,1.0,6.0,10.0,185.2,84.0,11.48,50.58
8.63,62.0,2.49,0.0,64.0,72.0,50.0,0.0,1.0,2.6,0.55,7.0,48.0,55.0,79.0,46.0,85.0,66.0,69.0,1.0,5.0,1.0,168.9,33.0,1.33,23.36
7.97,73.0,0.9,0.0,90.0,63.0,96.0,3.0,0.0,0.5,0.97,1.0,42.0,74.0,74.0,52.0,52.0,80.0,78.0,0.0,3.0,8.0,204.2,69.0,11.32,41.14
8.72,85.0,1.29,1.0,80.0,89.0,41.0,1.0,4.0,7.2,0.16,1.0,43.0,63.0,87.0,95.0,76.0,49.0,66.0,1.0,5.0,9.0,116.3,55.0,0.85,56.84
8.47,70.0,0.58,0.0,76.0,56.0,41.0,1.0,2.0,10.3,0.79,6.0,43.0,78.0,65.0,63.0,68.0,42.0,85.0,1.0,6.0,10.0,229.6,71.0,9.15,44.44
6.76,68.0,1.45,0.0,79.0,64.0,95.0,0.0,0.0,17.2,0.98,3.0,82.0,82.0,31.0,93.0,71.0,92.0,37.0,0.0,2.0,6.0,197.3,42.0,10.18,46.41
9.8,59.0,1.59,0.0,48.0,45.0,31.0,4.0,3.0,9.3,0.02,1.0,67.0,67.0,47.0,94.0,50.0,73.0,66.0,0.0,4.0,1.0,71.8,85.0,3.69,28.44
7.99,82.0,2.43,0.0,81.0,93.0,52.0,5.0,0.0,9.8,0.25,6.0,65.0,45.0,37.0,97.0,98.0,32.0,93.0,,7.0,7.0,29.2,64.0,11.02,55.71
7.39,60.0,1.94,0.0,41.0,45.0,36.0,3.0,0.0,5.7,0.4,5.0,63.0,47.0,44.0,89.0,68.0,94.0,85.0,1.0,7.0,3.0,152.1,39.0,1.8,11.98
6.61,63.0,1.57,0.0,48.0,54.0,57.0,2.0,0.0,10.4,0.94,2.0,82.0,72.0,46.0,60.0,85.0,78.0,45.0,0.0,5.0,3.0,85.4,68.0,2.94,20.32
6.02,63.0,0.75,1.0,61.0,66.0,61.0,0.0,0.0,4.0,0.87,1.0,83.0,98.0,56.0,40.0,82.0,60.0,87.0,0.0,6.0,4.0,80.5,38.0,11.44,16.09
7.63,92.0,1.47,1.0,72.0,83.0,53.0,4.0,3.0,4.6,0.47,6.0,61.0,52.0,46.0,91.0,90.0,69.0,86.0,1.0,3.0,10.0,226.0,31.0,3.83,66.4
7.19,73.0,1.27,0.0,43.0,75.0,63.0,3.0,0.0,9.3,0.09,0.0,68.0,55.0,95.0,59.0,67.0,43.0,82.0,1.0,5.0,1.0,102.8,79.0,0.6,21.85
8.32,65.0,1.52,0.0,43.0,78.0,40.0,0.0,0.0,6.7,0.92,1.0,60.0,89.0,63.0,94.0,67.0,99.0,86.0,1.0,7.0,10.0,170.9,62.0,1.99,37.02
9.35,78.0,1.65,1.0,66.0,80.0,71.0,1.0,1.0,14.1,0.62,5.0,99.0,71.0,62.0,98.0,89.0,91.0,89.0,0.0,2.0,5.0,249.5,74.0,7.37,82.12
5.82,75.0,1.32,0.0,71.0,53.0,37.0,4.0,1.0,3.7,0.43,1.0,97.0,97.0,38.0,72.0,91.0,41.0,40.0,0.0,4.0,11.0,107.7,38.0,3.29,27.82
8.39,69.0,2.16,0.0,72.0,53.0,82.0,3.0,0.0,6.1,0.41,7.0,57.0,95.0,46.0,75.0,79.0,37.0,67.0,0.0,5.0,2.0,232.0,58.0,4.38,42.0
5.62,55.0,2.03,0.0,67.0,90.0,33.0,1.0,1.0,8.5,0.37,1.0,83.0,81.0,79.0,63.0,53.0,45.0,96.0,1.0,1.0,3.0,83.9,39.0,11.34,10.97
9.73,61.0,2.41,1.0,80.0,95.0,78.0,2.0,4.0,13.6,0.83,7.0,66.0,53.0,70.0,91.0,59.0,55.0,73.0,0.0,1.0,3.0,237.8,22.0,8.39,70.17
8.39,73.0,2.21,1.0,99.0,49.0,76.0,0.0,1.0,7.2,0.43,0.0,51.0,96.0,44.0,75.0,58.0,48.0,87.0,1.0,3.0,6.0,25.7,73.0,9.37,31.87
7.24,86.0,0.62,0.0,62.0,48.0,36.0,1.0,4.0,7.8,0.52,3.0,62.0,76.0,94.0,54.0,76.0,43.0,86.0,0.0,2.0,6.0,197.1,50.0,4.45,40.72
9.83,89.0,2.27,1.0,89.0,83.0,69.0,0.0,0.0,1.3,0.01,6.0,92.0,49.0,76.0,57.0,53.0,46.0,91.0,0.0,6.0,2.0,168.9,80.0,4.75,48.33
5.81,65.0,1.75,1.0,95.0,72.0,82.0,3.0,3.0,9.2,0.48,6.0,69.0,47.0,73.0,61.0,82.0,62.0,67.0,0.0,4.0,8.0,106.9,76.0,9.1,50.16
5.95,89.0,2.35,0.0,88.0,56.0,33.0,1.0,0.0,15.7,0.98,7.0,69.0,68.0,80.0,71.0,87.0,58.0,41.0,0.0,5.0,4.0,31.3,39.0,0.55,40.97
5.58,62.0,0.54,0.0,52.0,46.0,54.0,2.0,1.0,5.2,0.87,7.0,52.0,57.0,55.0,82.0,57.0,66.0,38.0,0.0,2.0,9.0,228.3,85.0,3.91,14.94
5.92,68.0,1.45,0.0,95.0,87.0,36.0,4.0,3.0,1.6,0.36,6.0,81.0,87.0,65.0,58.0,98.0,75.0,73.0,0.0,3.0,0.0,184.8,40.0,7.67,54.75
9.3,57.0,0.77,1.0,88.0,67.0,49.0,1.0,0.0,14.3,0.82,1.0,86.0,86.0,35.0,74.0,90.0,82.0,38.0,1.0,2.0,11.0,106.1,58.0,5.71,53.18
9.17,80.0,1.22,0.0,82.0,64.0,96.0,3.0,3.0,12.9,1.0,7.0,94.0,70.0,31.0,89.0,68.0,89.0,61.0,0.0,7.0,7.0,107.5,76.0,9.97,86.5
6.03,56.0,1.06,1.0,81.0,99.0,52.0,0.0,3.0,5.2,0.72,1.0,57.0,62.0,70.0,51.0,60.0,55.0,88.0,0.0,1.0,5.0,17.2,56.0,1.06,23.97
8.64,60.0,0.92,0.0,56.0,48.0,90.0,0.0,4.0,2.6,0.91,2.0,74.0,51.0,80.0,60.0,84.0,47.0,42.0,0.0,2.0,9.0,92.1,44.0,2.64,33.94
8.33,82.0,2.41,0.0,54.0,59.0,63.0,2.0,1.0,14.6,0.24,0.0,64.0,92.0,76.0,98.0,66.0,65.0,87.0,1.0,4.0,5.0,240.6,40.0,3.91,46.52
9.45,83.0,0.52,0.0,57.0,68.0,48.0,1.0,2.0,4.0,0.91,3.0,56.0,82.0,42.0,97.0,91.0,37.0,39.0,0.0,2.0,5.0,3.7,99.0,2.07,49.99
8.81,80.0,2.5,0.0,62.0,69.0,87.0,5.0,4.0,12.9,0.31,6.0,71.0,92.0,98.0,58.0,52.0,47.0,81.0,0.0,4.0,3.0,222.7,61.0,6.08,71.44
6.77,66.0,2.16,1.0,90.0,51.0,77.0,2.0,3.0,9.5,0.28,4.0,63.0,99.0,88.0,82.0,84.0,61.0,41.0,1.0,5.0,9.0,47.4,42.0,11.44,48.65
6.3,59.0,1.09,0.0,69.0,75.0,70.0,1.0,1.0,9.7,0.95,2.0,46.0,77.0,97.0,88.0,70.0,78.0,46.0,0.0,4.0,2.0,3.7,43.0,10.73,30.64
8.88,88.0,0.53,0.0,97.0,56.0,77.0,2.0,4.0,8.3,0.05,0.0,52.0,95.0,88.0,87.0,74.0,77.0,59.0,0.0,7.0,2.0,17.6,66.0,5.76,70.75
9.13,91.0,1.98,0.0,73.0,86.0,74.0,5.0,3.0,5.9,0.71,7.0,66.0,47.0,39.0,75.0,88.0,94.0,62.0,1.0,7.0,9.0,43.0,26.0,7.82,75.29
9.96,69.0,2.17,0.0,97.0,49.0,54.0,0.0,0.0,8.6,0.53,1.0,87.0,82.0,42.0,81.0,51.0,62.0,77.0,0.0,7.0,6.0,6.4,57.0,3.15,38.7
7.03,60.0,2.04,0.0,95.0,82.0,56.0,4.0,1.0,15.5,0.19,4.0,81.0,86.0,86.0,90.0,92.0,57.0,52.0,0.0,5.0,11.0,204.7,81.0,6.63,68.2
9.69,75.0,1.82,1.0,57.0,56.0,92.0,0.0,3.0,16.0,0.55,7.0,84.0,53.0,39.0,71.0,55.0,32.0,61.0,1.0,6.0,3.0,221.9,92.0,10.54,48.16
8.88,69.0,1.73,0.0,79.0,46.0,57.0,5.0,3.0,16.1,0.03,0.0,85.0,61.0,50.0,99.0,95.0,52.0,93.0,0.0,3.0,1.0,1.4,63.0,0.64,61.39
9.56,65.0,0.66,0.0,97.0,74.0,59.0,5.0,2.0,7.5,0.41,2.0,51.0,64.0,69.0,71.0,57.0,94.0,35.0,0.0,2.0,7.0,197.3,67.0,2.03,61.2
9.22,58.0,1.31,0.0,43.0,61.0,32.0,5.0,1.0,12.8,0.49,2.0,66.0,66.0,59.0,71.0,53.0,53.0,80.0,0.0,7.0,10.0,154.5,78.0,8.56,31.43
9.53,67.0,1.2,1.0,88.0,51.0,31.0,4.0,1.0,4.4,0.71,0.0,92.0,71.0,74.0,95.0,65.0,74.0,75.0,0.0,1.0,2.0,166.5,68.0,7.87,52.99
9.57,88.0,2.4,0.0,82.0,95.0,69.0,3.0,1.0,4.8,0.69,5.0,78.0,68.0,34.0,77.0,51.0,92.0,64.0,0.0,4.0,11.0,126.9,89.0,0.6,70.01
9.78,83.0,1.1,0.0,53.0,78.0,89.0,1.0,0.0,5.8,0.42,5.0,52.0,69.0,61.0,84.0,56.0,64.0,47.0,0.0,5.0,9.0,133.7,82.0,1.58,48.61
7.52,62.0,2.09,0.0,86.0,82.0,56.0,1.0,1.0,7.3,0.13,3.0,79.0,73.0,44.0,50.0,70.0,74.0,78.0,1.0,7.0,9.0,239.4,32.0,3.01,33.49
6.82,70.0,1.91,1.0,51.0,89.0,30.0,1.0,0.0,3.6,0.57,4.0,92.0,84.0,55.0,98.0,77.0,41.0,96.0,0.0,5.0,3.0,96.2,67.0,7.95,30.7
6.98,90.0,0.6,0.0,81.0,95.0,62.0,1.0,3.0,17.3,0.14,0.0,61.0,98.0,82.0,59.0,67.0,33.0,78.0,1.0,1.0,1.0,25.9,53.0,11.11,52.92
8.53,84.0,0.65,0.0,90.0,78.0,69.0,0.0,2.0,9.2,0.7,0.0,57.0,45.0,73.0,76.0,73.0,96.0,82.0,0.0,7.0,8.0,115.9,49.0,0.56,59.51
8.89,72.0,1.31,0.0,95.0,88.0,61.0,5.0,0.0,13.2,0.91,3.0,87.0,96.0,61.0,48.0,81.0,46.0,93.0,0.0,6.0,3.0,162.0,38.0,9.54,72.44
9.06,56.0,1.09,0.0,90.0,59.0,98.0,4.0,1.0,7.4,0.43,1.0,68.0,65.0,57.0,77.0,94.0,94.0,91.0,0.0,1.0,3.0,3.0,83.0,7.88,63.1
9.05,67.0,0.96,0.0,45.0,58.0,46.0,3.0,4.0,6.4,0.49,1.0,82.0,83.0,68.0,88.0,82.0,82.0,45.0,1.0,4.0,10.0,83.1,85.0,1.04,55.45
5.91,58.0,1.06,0.0,59.0,50.0,37.0,4.0,4.0,7.3,0.93,7.0,55.0,68.0,61.0,58.0,59.0,86.0,59.0,0.0,2.0,5.0,98.4,76.0,9.59,28.74
6.14,93.0,1.78,1.0,88.0,66.0,96.0,2.0,0.0,2.3,0.07,1.0,44.0,80.0,64.0,87.0,72.0,99.0,39.0,0.0,7.0,2.0,206.5,77.0,10.14,37.83
8.93,67.0,2.46,1.0,63.0,54.0,91.0,3.0,4.0,16.8,0.79,1.0,49.0,86.0,98.0,80.0,81.0,67.0,69.0,0.0,1.0,10.0,209.0,47.0,10.58,66.25
8.28,85.0,1.71,0.0,86.0,95.0,84.0,0.0,3.0,10.9,0.38,7.0,91.0,80.0,50.0,46.0,93.0,83.0,71.0,0.0,1.0,6.0,207.4,87.0,6.72,80.54
8.65,74.0,0.75,0.0,61.0,73.0,75.0,5.0,0.0,16.4,0.88,7.0,70.0,66.0,47.0,88.0,59.0,41.0,50.0,1.0,1.0,0.0,245.8,41.0,10.49,55.15
5.83,58.0,2.28,0.0,96.0,92.0,51.0,0.0,3.0,11.5,0.89,3.0,41.0,45.0,41.0,69.0,63.0,82.0,64.0,1.0,4.0,5.0,239.9,48.0,1.6,28.06
9.2,61.0,1.51,0.0,94.0,61.0,40.0,0.0,1.0,13.8,0.96,2.0,51.0,49.0,45.0,80.0,88.0,62.0,76.0,0.0,7.0,8.0,141.1,93.0,0.65,46.4
8.68,55.0,1.4,1.0,99.0,51.0,77.0,0.0,4.0,6.6,0.87,3.0,66.0,53.0,33.0,42.0,85.0,57.0,95.0,1.0,1.0,2.0,248.3,97.0,5.9,45.35
5.87,67.0,1.67,0.0,74.0,57.0,37.0,0.0,4.0,17.3,0.0,2.0,44.0,81.0,63.0,61.0,83.0,32.0,82.0,1.0,5.0,10.0,192.6,88.0,8.91,25.75
9.94,75.0,0.64,0.0,68.0,48.0,64.0,4.0,4.0,15.4,0.82,2.0,66.0,63.0,60.0,90.0,67.0,83.0,98.0,0.0,7.0,11.0,97.3,89.0,1.09,80.67
8.89,69.0,1.61,0.0,80.0,50.0,66.0,1.0,2.0,0.6,0.5,4.0,63.0,64.0,65.0,46.0,57.0,71.0,82.0,0.0,4.0,6.0,203.4,21.0,6.01,29.59
5.88,78.0,0.79,0.0,73.0,49.0,63.0,2.0,1.0,4.9,1.0,4.0,70.0,87.0,95.0,64.0,69.0,50.0,51.0,0.0,3.0,5.0,21.8,40.0,6.78,32.52
9.0,62.0,2.05,0.0,40.0,76.0,46.0,0.0,4.0,3.6,0.49,0.0,83.0,88.0,96.0,84.0,97.0,73.0,74.0,0.0,4.0,8.0,165.0,26.0,3.8,47.48
8.01,78.0,1.04,0.0,70.0,54.0,62.0,2.0,1.0,4.2,0.18,1.0,87.0,81.0,77.0,74.0,79.0,31.0,84.0,1.0,5.0,10.0,64.8,80.0,3.38,42.93
7.41,70.0,1.49,0.0,69.0,53.0,76.0,3.0,4.0,14.4,0.51,0.0,63.0,74.0,99.0,83.0,69.0,88.0,63.0,1.0,3.0,6.0,164.4,71.0,0.55,59.74
9.58,80.0,1.07,0.0,87.0,71.0,81.0,2.0,2.0,10.1,0.81,3.0,88.0,54.0,96.0,63.0,67.0,45.0,85.0,0.0,3.0,0.0,36.2,67.0,5.06,68.4
7.72,91.0,1.76,0.0,94.0,63.0,62.0,1.0,0.0,7.7,0.79,6.0,49.0,69.0,94.0,52.0,97.0,55.0,63.0,0.0,4.0,10.0,25.6,92.0,9.04,55.14
7.61,78.0,2.0,1.0,56.0,68.0,50.0,0.0,1.0,2.1,0.25,2.0,88.0,68.0,92.0,87.0,55.0,99.0,65.0,0.0,7.0,7.0,22.1,90.0,11.13,31.38
8.13,72.0,1.91,0.0,85.0,48.0,94.0,0.0,1.0,17.2,0.87,2.0,90.0,86.0,70.0,56.0,72.0,51.0,48.0,1.0,7.0,6.0,113.7,40.0,11.18,46.5
9.83,73.0,0.63,0.0,95.0,81.0,49.0,0.0,4.0,14.7,0.89,6.0,50.0,46.0,36.0,41.0,84.0,35.0,76.0,0.0,5.0,7.0,194.7,97.0,4.37,63.13
7.19,90.0,2.18,0.0,61.0,84.0,86.0,3.0,3.0,16.3,0.89,6.0,56.0,48.0,38.0,45.0,55.0,61.0,85.0,0.0,1.0,8.0,38.4,98.0,3.46,53.62
6.79,64.0,0.51,0.0,42.0,92.0,75.0,3.0,2.0,0.3,0.54,6.0,83.0,52.0,33.0,83.0,75.0,46.0,58.0,0.0,2.0,6.0,23.7,70.0,8.85,31.5
9.41,87.0,0.99,0.0,95.0,98.0,37.0,3.0,2.0,16.8,0.65,7.0,41.0,76.0,78.0,97.0,70.0,67.0,77.0,0.0,7.0,7.0,219.2,29.0,8.63,86.58
9.83,89.0,1.13,0.0,58.0,75.0,96.0,2.0,2.0,15.1,0.05,1.0,48.0,93.0,50.0,92.0,64.0,66.0,95.0,0.0,3.0,5.0,243.1,55.0,2.86,69.23
9.86,87.0,1.22,0.0,83.0,69.0,41.0,0.0,1.0,13.3,0.51,1.0,59.0,65.0,96.0,57.0,81.0,78.0,60.0,0.0,6.0,0.0,104.9,93.0,1.27,56.55
5.83,69.0,2.28,0.0,91.0,58.0,40.0,4.0,2.0,8.0,0.28,5.0,94.0,84.0,95.0,85.0,76.0,92.0,40.0,0.0,1.0,0.0,104.5,84.0,1.06,53.24
7.99,89.0,1.37,1.0,60.0,57.0,91.0,5.0,1.0,10.8,0.16,2.0,47.0,70.0,58.0,55.0,64.0,36.0,86.0,0.0,1.0,1.0,16.6,99.0,4.18,40.43
9.86,82.0,2.32,0.0,68.0,71.0,65.0,1.0,0.0,8.6,0.2,6.0,70.0,76.0,95.0,51.0,88.0,51.0,35.0,1.0,7.0,2.0,78.7,93.0,5.04,49.68
8.33,86.0,2.43,0.0,76.0,61.0,82.0,2.0,0.0,1.4,0.15,6.0,66.0,99.0,56.0,91.0,84.0,90.0,58.0,1.0,4.0,11.0,2.2,89.0,0.94,60.02
8.32,63.0,1.49,1.0,40.0,93.0,85.0,4.0,2.0,14.3,0.61,5.0,60.0,96.0,73.0,60.0,62.0,32.0,45.0,0.0,3.0,9.0,181.9,76.0,4.64,52.42
8.13,68.0,1.28,0.0,66.0,79.0,33.0,5.0,4.0,10.5,0.15,7.0,67.0,75.0,65.0,55.0,75.0,38.0,70.0,1.0,6.0,8.0,156.0,99.0,4.22,57.43
9.56,67.0,1.77,0.0,60.0,61.0,59.0,5.0,2.0,16.4,0.79,0.0,62.0,62.0,48.0,92.0,52.0,76.0,54.0,0.0,6.0,10.0,59.8,32.0,11.33,45.58
5.7,79.0,1.91,1.0,92.0,85.0,41.0,1.0,0.0,17.0,0.79,4.0,45.0,79.0,74.0,90.0,78.0,71.0,97.0,0.0,7.0,10.0,150.7,80.0,0.98,55.86
6.76,56.0,0.51,1.0,55.0,46.0,64.0,0.0,3.0,1.2,0.24,0.0,42.0,56.0,50.0,87.0,51.0,71.0,97.0,0.0,5.0,7.0,161.8,77.0,9.32,5.22
9.78,89.0,0.83,0.0,83.0,57.0,81.0,0.0,3.0,7.2,0.29,1.0,44.0,95.0,52.0,80.0,77.0,52.0,64.0,0.0,1.0,6.0,130.6,87.0,6.06,59.58
8.29,72.0,2.43,1.0,79.0,96.0,81.0,0.0,2.0,9.7,0.7,7.0,99.0,75.0,70.0,76.0,98.0,96.0,95.0,0.0,7.0,5.0,30.8,82.0,8.64,81.69
6.75,57.0,2.02,0.0,65.0,72.0,36.0,5.0,3.0,16.4,0.08,5.0,43.0,54.0,55.0,61.0,55.0,32.0,55.0,1.0,7.0,1.0,96.4,66.0,1.3,19.06
6.35,93.0,2.4,1.0,55.0,87.0,51.0,0.0,0.0,15.2,0.42,1.0,78.0,91.0,57.0,90.0,60.0,78.0,71.0,0.0,3.0,8.0,86.3,62.0,11.18,36.46
7.59,65.0,1.91,0.0,67.0,70.0,85.0,3.0,0.0,2.3,0.56,1.0,44.0,96.0,93.0,49.0,87.0,96.0,61.0,0.0,7.0,8.0,148.0,42.0,4.46,39.37
7.09,93.0,1.1,0.0,40.0,66.0,87.0,4.0,0.0,1.7,0.19,4.0,50.0,78.0,97.0,46.0,83.0,84.0,69.0,0.0,3.0,2.0,214.1,49.0,6.53,38.88
5.85,73.0,2.06,0.0,49.0,87.0,41.0,2.0,2.0,9.6,0.6,3.0,73.0,47.0,77.0,64.0,52.0,60.0,94.0,0.0,5.0,1.0,177.4,49.0,11.37,18.84
9.94,80.0,0.6,0.0,56.0,47.0,84.0,5.0,0.0,16.2,0.78,3.0,93.0,83.0,68.0,54.0,95.0,93.0,61.0,0.0,7.0,2.0,52.9,75.0,1.12,77.06
8.64,92.0,1.22,0.0,96.0,79.0,91.0,1.0,0.0,16.7,0.84,0.0,87.0,52.0,48.0,52.0,83.0,60.0,37.0,1.0,3.0,5.0,225.4,43.0,2.28,60.28
6.89,93.0,1.5,0.0,62.0,68.0,65.0,1.0,2.0,16.0,0.84,5.0,79.0,87.0,48.0,85.0,78.0,95.0,64.0,0.0,2.0,7.0,225.4,95.0,2.99,69.42
9.16,90.0,1.37,1.0,46.0,49.0,53.0,2.0,4.0,6.9,0.1,2.0,45.0,73.0,91.0,65.0,78.0,60.0,56.0,1.0,1.0,0.0,40.9,27.0,4.0,36.42
6.23,91.0,0.92,0.0,92.0,83.0,46.0,5.0,1.0,8.6,0.15,3.0,78.0,64.0,54.0,62.0,59.0,51.0,65.0,0.0,6.0,1.0,151.3,99.0,8.07,46.18
9.6,87.0,1.24,0.0,46.0,83.0,31.0,0.0,3.0,2.2,0.08,3.0,89.0,50.0,71.0,83.0,59.0,75.0,54.0,0.0,5.0,5.0,226.4,53.0,11.11,38.05
9.77,57.0,0.6,1.0,54.0,85.0,60.0,4.0,0.0,8.2,0.47,3.0,61.0,93.0,59.0,90.0,70.0,90.0,36.0,1.0,1.0,1.0,190.9,69.0,8.67,51.68
8.26,62.0,1.33,0.0,85.0,89.0,89.0,4.0,4.0,6.6,0.36,1.0,67.0,86.0,47.0,51.0,59.0,30.0,73.0,0.0,2.0,5.0,39.9,21.0,4.27,47.35
7.19,56.0,2.26,0.0,46.0,98.0,41.0,2.0,1.0,12.5,0.76,2.0,40.0,81.0,30.0,93.0,98.0,95.0,53.0,1.0,7.0,3.0,179.1,89.0,8.17,34.34
9.15,59.0,0.93,0.0,71.0,60.0,52.0,3.0,4.0,12.6,0.85,1.0,54.0,48.0,86.0,78.0,83.0,61.0,64.0,0.0,7.0,6.0,243.2,28.0,6.02,52.43
9.94,81.0,1.86,0.0,58.0,89.0,43.0,0.0,1.0,12.7,0.97,4.0,65.0,46.0,59.0,51.0,91.0,87.0,64.0,1.0,4.0,4.0,12.6,20.0,5.95,46.33
6.18,86.0,1.72,0.0,41.0,79.0,54.0,2.0,1.0,8.9,0.27,0.0,42.0,56.0,87.0,78.0,84.0,85.0,59.0,0.0,2.0,6.0,9.3,88.0,4.43,25.9
7.21,62.0,0.77,0.0,89.0,49.0,83.0,3.0,4.0,8.8,0.39,4.0,96.0,50.0,66.0,53.0,88.0,96.0,85.0,0.0,3.0,11.0,224.5,33.0,9.26,62.03
9.86,92.0,1.8,0.0,56.0,70.0,34.0,5.0,4.0,8.1,0.68,3.0,80.0,90.0,77.0,69.0,82.0,79.0,61.0,0.0,1.0,9.0,26.8,46.0,11.06,73.82
9.29,62.0,1.98,0.0,76.0,55.0,42.0,5.0,2.0,3.6,0.48,0.0,86.0,52.0,30.0,80.0,57.0,67.0,44.0,1.0,6.0,10.0,89.4,28.0,3.01,29.35
9.27,57.0,1.13,0.0,51.0,51.0,57.0,0.0,2.0,5.5,0.99,3.0,81.0,65.0,48.0,89.0,81.0,32.0,77.0,1.0,5.0,10.0,208.8,55.0,11.15,33.17
6.73,60.0,1.93,0.0,71.0,86.0,67.0,5.0,1.0,4.5,0.83,6.0,44.0,79.0,31.0,58.0,95.0,83.0,40.0,1.0,1.0,9.0,170.2,42.0,4.45,41.34
5.75,56.0,0.9,1.0,80.0,96.0,96.0,2.0,4.0,5.5,0.9,6.0,70.0,92.0,85.0,70.0,63.0,63.0,82.0,0.0,3.0,2.0,245.5,92.0,1.82,66.74
9.39,77.0,2.28,0.0,59.0,78.0,91.0,0.0,4.0,13.9,0.81,1.0,90.0,59.0,46.0,82.0,83.0,68.0,36.0,0.0,1.0,8.0,199.3,49.0,1.11,62.31
9.16,56.0,1.07,0.0,40.0,47.0,68.0,5.0,1.0,5.9,0.46,2.0,52.0,51.0,51.0,89.0,57.0,77.0,85.0,0.0,3.0,4.0,194.3,38.0,4.7,26.39
10.0,92.0,1.24,0.0,93.0,52.0,66.0,5.0,4.0,4.4,0.25,4.0,82.0,59.0,56.0,82.0,91.0,78.0,95.0,1.0,6.0,3.0,85.7,86.0,1.04,89.22
9.75,77.0,1.04,0.0,45.0,51.0,71.0,2.0,0.0,8.2,0.51,4.0,65.0,61.0,57.0,90.0,96.0,99.0,60.0,0.0,2.0,1.0,120.1,85.0,2.26,52.51
6.61,62.0,0.53,1.0,57.0,46.0,37.0,5.0,1.0,12.4,0.97,5.0,87.0,66.0,54.0,75.0,60.0,80.0,57.0,0.0,4.0,11.0,219.0,59.0,9.92,38.08
7.53,76.0,1.26,0.0,45.0,50.0,52.0,0.0,3.0,11.4,0.91,5.0,48.0,76.0,55.0,81.0,63.0,97.0,88.0,1.0,2.0,1.0,0.2,37.0,2.72,34.9
6.08,90.0,1.17,1.0,84.0,85.0,93.0,2.0,4.0,14.6,0.16,6.0,40.0,66.0,46.0,93.0,60.0,43.0,49.0,1.0,3.0,7.0,244.0,46.0,1.43,57.84
9.79,59.0,0.54,1.0,72.0,76.0,49.0,3.0,4.0,0.8,0.37,3.0,82.0,71.0,36.0,76.0,51.0,98.0,40.0,1.0,2.0,4.0,89.8,30.0,8.89,44.7
6.53,83.0,1.33,0.0,62.0,78.0,46.0,1.0,3.0,5.0,0.36,6.0,62.0,59.0,93.0,55.0,93.0,44.0,42.0,0.0,2.0,4.0,36.3,38.0,8.94,32.02
8.52,85.0,1.49,0.0,65.0,94.0,48.0,0.0,0.0,2.6,0.8,1.0,82.0,88.0,49.0,65.0,96.0,88.0,91.0,0.0,6.0,0.0,214.5,26.0,2.01,50.43
8.28,70.0,1.31,0.0,52.0,60.0,37.0,3.0,3.0,5.2,0.52,2.0,84.0,95.0,67.0,79.0,66.0,40.0,84.0,1.0,4.0,11.0,217.7,76.0,3.13,46.74
8.52,66.0,0.52,0.0,83.0,51.0,82.0,0.0,1.0,11.9,0.81,4.0,53.0,86.0,80.0,58.0,97.0,65.0,70.0,1.0,5.0,1.0,229.6,24.0,9.68,51.36
8.98,70.0,2.43,1.0,65.0,61.0,73.0,1.0,4.0,13.0,0.71,7.0,79.0,53.0,80.0,54.0,57.0,87.0,97.0,0.0,7.0,2.0,155.2,55.0,11.93,55.93
9.33,62.0,1.86,0.0,54.0,55.0,46.0,1.0,4.0,5.2,0.29,6.0,55.0,80.0,89.0,88.0,54.0,30.0,40.0,1.0,5.0,4.0,217.4,96.0,11.1,33.48
7.98,74.0,1.12,1.0,75.0,50.0,68.0,3.0,1.0,9.7,0.05,7.0,92.0,53.0,69.0,60.0,61.0,94.0,86.0,0.0,2.0,2.0,143.2,76.0,2.69,51.74
9.44,70.0,2.05,1.0,94.0,71.0,77.0,3.0,1.0,1.4,0.36,1.0,83.0,89.0,31.0,45.0,67.0,89.0,52.0,0.0,7.0,9.0,243.6,24.0,7.0,46.52
7.32,84.0,1.54,0.0,66.0,90.0,41.0,3.0,4.0,7.5,0.25,0.0,50.0,64.0,77.0,66.0,75.0,54.0,69.0,1.0,1.0,6.0,57.2,43.0,1.08,41.53
6.1,77.0,2.45,0.0,96.0,50.0,47.0,2.0,2.0,17.0,0.69,5.0,45.0,52.0,81.0,62.0,80.0,39.0,73.0,0.0,5.0,7.0,65.7,49.0,9.71,34.13
8.67,74.0,2.11,0.0,97.0,64.0,83.0,5.0,0.0,13.2,0.85,4.0,41.0,60.0,49.0,60.0,64.0,62.0,35.0,0.0,1.0,5.0,3.0,26.0,7.89,43.3
5.57,84.0,0.54,0.0,62.0,93.0,45.0,0.0,2.0,7.3,0.63,6.0,50.0,52.0,70.0,44.0,75.0,79.0,35.0,0.0,6.0,4.0,241.9,53.0,3.92,27.63
7.08,75.0,1.09,0.0,77.0,73.0,37.0,4.0,2.0,4.0,0.32,5.0,61.0,77.0,52.0,48.0,61.0,90.0,47.0,0.0,6.0,6.0,69.3,92.0,11.23,36.03
7.07,62.0,0.5,1.0,65.0,77.0,49.0,1.0,4.0,17.1,0.61,1.0,63.0,94.0,41.0,47.0,66.0,60.0,37.0,0.0,5.0,6.0,34.9,46.0,1.17,33.7
7.81,93.0,1.1,0.0,74.0,66.0,34.0,3.0,4.0,16.2,0.17,5.0,40.0,47.0,59.0,73.0,82.0,52.0,84.0,1.0,1.0,9.0,165.9,32.0,11.39,52.24
8.3,70.0,2.19,0.0,62.0,49.0,87.0,1.0,3.0,17.0,0.3,5.0,76.0,72.0,49.0,69.0,80.0,48.0,96.0,0.0,1.0,11.0,24.3,80.0,4.6,53.16
9.77,92.0,2.3,1.0,73.0,62.0,83.0,0.0,2.0,4.8,0.04,5.0,77.0,50.0,33.0,66.0,79.0,31.0,89.0,,7.0,1.0,59.2,40.0,1.43,41.73
6.66,87.0,1.3,0.0,62.0,81.0,37.0,3.0,1.0,13.5,0.8,4.0,51.0,54.0,30.0,94.0,94.0,88.0,64.0,0.0,7.0,11.0,151.0,36.0,10.99,46.8
6.98,56.0,0.99,0.0,71.0,54.0,66.0,2.0,4.0,3.0,0.71,0.0,62.0,86.0,44.0,82.0,68.0,71.0,97.0,0.0,2.0,9.0,5.6,85.0,6.27,37.29
8.35,81.0,1.47,0.0,70.0,59.0,79.0,4.0,4.0,6.3,0.27,2.0,41.0,98.0,60.0,61.0,62.0,65.0,74.0,1.0,4.0,0.0,227.0,93.0,3.93,54.17
5.84,55.0,1.45,0.0,82.0,92.0,62.0,5.0,2.0,6.3,0.56,1.0,73.0,95.0,32.0,96.0,68.0,41.0,51.0,0.0,2.0,8.0,17.4,84.0,10.87,39.3
6.08,57.0,2.42,0.0,80.0,62.0,83.0,4.0,3.0,6.6,0.44,4.0,92.0,93.0,64.0,74.0,74.0,88.0,67.0,0.0,5.0,7.0,36.3,80.0,2.29,54.72
6.18,77.0,2.39,0.0,40.0,67.0,73.0,1.0,3.0,10.0,0.65,2.0,78.0,88.0,70.0,63.0,87.0,34.0,50.0,1.0,3.0,1.0,7.8,45.0,2.21,26.45
6.12,80.0,2.07,0.0,53.0,77.0,63.0,1.0,3.0,1.8,0.49,6.0,71.0,59.0,88.0,81.0,80.0,62.0,47.0,0.0,5.0,5.0,29.1,34.0,6.07,32.44
8.38,58.0,2.48,0.0,91.0,60.0,91.0,1.0,3.0,14.5,0.62,4.0,82.0,70.0,45.0,99.0,85.0,98.0,57.0,0.0,4.0,2.0,193.8,41.0,2.03,66.25
7.06,60.0,2.43,0.0,45.0,82.0,75.0,0.0,1.0,11.7,0.74,0.0,53.0,69.0,74.0,99.0,88.0,58.0,77.0,1.0,5.0,1.0,151.1,45.0,5.81,27.37
6.37,91.0,0.78,0.0,73.0,74.0,67.0,4.0,0.0,7.7,0.43,1.0,75.0,92.0,62.0,89.0,96.0,71.0,64.0,1.0,2.0,3.0,224.4,35.0,7.35,56.65
5.68,66.0,1.74,0.0,69.0,57.0,63.0,5.0,0.0,3.3,0.41,4.0,56.0,85.0,78.0,41.0,72.0,76.0,44.0,,4.0,1.0,114.5,96.0,11.47,19.69
6.75,72.0,1.66,0.0,60.0,60.0,59.0,5.0,2.0,13.6,0.58,7.0,42.0,47.0,89.0,76.0,81.0,91.0,71.0,0.0,6.0,8.0,240.4,51.0,10.87,50.9
6.3,89.0,0.79,0.0,99.0,49.0,46.0,3.0,1.0,3.7,0.07,0.0,96.0,97.0,81.0,54.0,73.0,85.0,37.0,0.0,1.0,3.0,112.8,69.0,3.32,43.39
6.04,78.0,1.77,0.0,72.0,72.0,39.0,2.0,3.0,14.6,0.03,3.0,92.0,70.0,68.0,71.0,94.0,55.0,72.0,1.0,5.0,1.0,146.1,43.0,6.75,43.79
7.57,84.0,1.28,0.0,49.0,97.0,47.0,2.0,2.0,12.5,0.75,2.0,86.0,94.0,78.0,60.0,77.0,56.0,48.0,1.0,6.0,6.0,60.2,32.0,11.88,49.2
6.43,68.0,1.85,1.0,90.0,83.0,74.0,0.0,1.0,13.8,0.76,3.0,79.0,61.0,93.0,56.0,68.0,86.0,98.0,1.0,5.0,10.0,184.2,94.0,2.85,57.0
7.14,60.0,1.02,1.0,86.0,89.0,88.0,2.0,3.0,7.9,0.95,4.0,57.0,54.0,55.0,73.0,56.0,56.0,73.0,0.0,7.0,10.0,181.7,98.0,2.12,54.33
7.77,57.0,1.19,0.0,81.0,64.0,91.0,1.0,3.0,12.9,0.05,4.0,42.0,46.0,36.0,71.0,93.0,88.0,88.0,1.0,2.0,4.0,53.4,29.0,7.53,40.64
8.61,70.0,2.33,0.0,90.0,68.0,88.0,5.0,4.0,7.0,0.6,5.0,78.0,68.0,91.0,89.0,90.0,91.0,36.0,1.0,7.0,7.0,3.3,61.0,3.07,83.9
9.1,68.0,1.44,1.0,95.0,74.0,92.0,0.0,3.0,11.4,0.33,3.0,91.0,68.0,69.0,91.0,51.0,32.0,87.0,0.0,7.0,7.0,145.4,22.0,11.68,58.97
8.33,63.0,2.28,0.0,55.0,89.0,61.0,0.0,1.0,17.6,0.09,3.0,48.0,79.0,76.0,62.0,65.0,45.0,37.0,1.0,5.0,3.0,45.3,74.0,11.38,22.74
5.77,56.0,0.52,0.0,66.0,86.0,91.0,5.0,4.0,9.7,0.61,1.0,50.0,78.0,32.0,80.0,50.0,94.0,99.0,0.0,2.0,6.0,9.3,56.0,7.25,46.42
9.13,56.0,1.4,0.0,56.0,97.0,63.0,5.0,3.0,13.7,0.77,0.0,72.0,63.0,50.0,96.0,70.0,59.0,44.0,0.0,3.0,7.0,179.0,96.0,9.03,59.46
6.44,68.0,1.56,0.0,89.0,67.0,69.0,3.0,0.0,13.5,0.95,7.0,66.0,46.0,97.0,85.0,71.0,80.0,95.0,0.0,4.0,3.0,121.6,77.0,9.59,57.88
7.58,56.0,1.05,0.0,46.0,76.0,76.0,0.0,4.0,6.3,0.4,3.0,44.0,87.0,58.0,99.0,73.0,64.0,50.0,1.0,4.0,5.0,96.7,26.0,8.53,30.36
8.86,79.0,2.11,0.0,52.0,70.0,35.0,0.0,0.0,15.8,0.58,5.0,74.0,71.0,99.0,87.0,94.0,65.0,37.0,1.0,3.0,4.0,241.2,64.0,4.9,49.68
6.64,90.0,1.59,0.0,64.0,75.0,47.0,3.0,1.0,1.4,0.75,7.0,74.0,51.0,44.0,79.0,72.0,65.0,67.0,1.0,3.0,4.0,84.0,56.0,4.31,37.76
9.53,68.0,0.59,0.0,99.0,53.0,77.0,3.0,2.0,15.0,0.1,5.0,90.0,90.0,89.0,58.0,53.0,91.0,36.0,0.0,1.0,0.0,120.1,24.0,3.1,68.76
7.8,55.0,0.83,0.0,61.0,73.0,72.0,0.0,4.0,2.9,0.86,2.0,90.0,77.0,91.0,66.0,99.0,54.0,73.0,1.0,3.0,6.0,210.9,48.0,8.41,50.96
7.89,70.0,1.39,0.0,65.0,98.0,68.0,4.0,3.0,15.4,0.31,4.0,88.0,93.0,31.0,48.0,88.0,93.0,80.0,0.0,3.0,7.0,100.5,71.0,9.64,71.49
7.9,60.0,2.19,1.0,49.0,48.0,39.0,3.0,1.0,14.9,0.96,2.0,51.0,86.0,57.0,64.0,78.0,99.0,49.0,,2.0,2.0,223.7,55.0,10.33,27.09
6.71,67.0,2.09,0.0,76.0,73.0,30.0,2.0,3.0,3.5,0.23,5.0,57.0,52.0,66.0,58.0,62.0,85.0,91.0,0.0,5.0,9.0,9.8,52.0,8.1,25.21
5.59,62.0,0.98,1.0,82.0,55.0,65.0,2.0,1.0,9.1,0.71,7.0,77.0,90.0,77.0,75.0,58.0,97.0,43.0,1.0,1.0,9.0,47.7,60.0,6.03,42.84
6.95,75.0,2.42,0.0,92.0,77.0,50.0,4.0,3.0,9.6,0.85,2.0,46.0,51.0,58.0,87.0,70.0,49.0,40.0,1.0,5.0,5.0,127.1,99.0,8.67,43.32
6.97,58.0,2.4,0.0,80.0,55.0,53.0,3.0,3.0,14.2,0.93,6.0,45.0,48.0,58.0,55.0,74.0,30.0,64.0,1.0,6.0,8.0,179.0,45.0,9.0,27.77
6.04,79.0,2.49,1.0,84.0,71.0,84.0,1.0,3.0,10.5,0.59,0.0,57.0,45.0,87.0,46.0,74.0,39.0,89.0,1.0,6.0,8.0,12.7,56.0,6.8,30.67
9.51,69.0,1.92,0.0,63.0,77.0,54.0,4.0,4.0,14.1,0.63,7.0,84.0,59.0,77.0,57.0,61.0,52.0,88.0,0.0,7.0,5.0,124.4,96.0,1.6,71.13
8.17,58.0,2.46,0.0,79.0,65.0,36.0,3.0,4.0,3.5,0.85,2.0,61.0,75.0,52.0,95.0,78.0,80.0,61.0,1.0,7.0,7.0,83.1,36.0,6.91,42.96
7.92,67.0,0.65,0.0,63.0,46.0,92.0,2.0,2.0,12.5,0.98,1.0,74.0,79.0,97.0,70.0,63.0,72.0,48.0,0.0,4.0,6.0,202.8,41.0,6.75,49.24
8.14,85.0,1.74,0.0,76.0,71.0,97.0,4.0,4.0,7.4,0.9,7.0,62.0,99.0,71.0,64.0,65.0,39.0,44.0,0.0,6.0,6.0,167.8,80.0,3.72,75.11
6.78,83.0,2.32,1.0,96.0,62.0,68.0,2.0,4.0,5.4,0.99,4.0,89.0,61.0,52.0,46.0,85.0,46.0,50.0,1.0,4.0,0.0,105.8,66.0,9.97,46.53
8.41,86.0,2.42,0.0,63.0,79.0,63.0,1.0,0.0,6.8,0.55,7.0,48.0,96.0,82.0,47.0,75.0,96.0,86.0,0.0,1.0,5.0,54.1,91.0,1.73,54.8
9.94,77.0,2.01,0.0,56.0,72.0,42.0,2.0,0.0,16.4,0.08,7.0,93.0,52.0,38.0,50.0,58.0,67.0,76.0,1.0,7.0,2.0,95.9,97.0,1.97,42.96
6.61,88.0,1.78,0.0,69.0,82.0,63.0,0.0,2.0,18.0,0.63,1.0,94.0,80.0,87.0,77.0,73.0,61.0,76.0,1.0,1.0,9.0,193.9,40.0,1.76,59.77
6.34,79.0,0.83,0.0,97.0,47.0,58.0,2.0,2.0,13.1,0.25,6.0,63.0,81.0,43.0,89.0,69.0,63.0,69.0,0.0,6.0,2.0,38.2,20.0,5.04,44.41
6.78,56.0,1.63,0.0,50.0,95.0,95.0,4.0,1.0,6.8,0.86,0.0,41.0,73.0,38.0,91.0,63.0,47.0,56.0,1.0,7.0,1.0,86.9,99.0,6.46,26.68
9.92,73.0,2.35,0.0,63.0,53.0,48.0,4.0,1.0,12.4,0.19,7.0,92.0,63.0,42.0,50.0,84.0,72.0,94.0,1.0,3.0,10.0,221.4,96.0,2.79,60.75
6.0,63.0,0.96,0.0,49.0,46.0,37.0,4.0,3.0,5.3,0.21,0.0,49.0,56.0,34.0,42.0,92.0,56.0,35.0,0.0,6.0,11.0,175.5,71.0,5.07,1.41
7.29,89.0,1.77,0.0,84.0,78.0,95.0,1.0,2.0,10.1,0.66,3.0,92.0,96.0,79.0,79.0,81.0,80.0,96.0,0.0,7.0,10.0,177.1,65.0,1.32,84.22
6.66,61.0,1.96,0.0,87.0,94.0,55.0,5.0,3.0,4.2,0.65,4.0,77.0,78.0,86.0,61.0,57.0,97.0,44.0,1.0,5.0,4.0,226.8,80.0,2.28,57.91
8.51,70.0,1.36,1.0,76.0,80.0,58.0,2.0,3.0,3.6,0.75,4.0,90.0,51.0,57.0,76.0,91.0,44.0,93.0,0.0,4.0,1.0,109.7,72.0,1.24,58.48
9.68,87.0,0.56,0.0,84.0,98.0,95.0,0.0,0.0,9.2,0.87,6.0,92.0,61.0,91.0,99.0,62.0,71.0,93.0,0.0,1.0,9.0,245.5,24.0,2.6,90.34
8.01,58.0,1.46,0.0,57.0,65.0,48.0,5.0,0.0,2.8,0.54,1.0,81.0,47.0,76.0,50.0,90.0,40.0,97.0,1.0,1.0,7.0,215.5,51.0,6.11,27.08
6.76,93.0,0.74,0.0,48.0,91.0,87.0,4.0,4.0,13.6,0.14,5.0,74.0,66.0,60.0,61.0,96.0,95.0,89.0,1.0,6.0,2.0,68.5,75.0,2.85,77.11
6.96,91.0,2.34,1.0,68.0,93.0,66.0,4.0,3.0,1.3,0.51,1.0,58.0,87.0,34.0,52.0,94.0,50.0,90.0,1.0,3.0,11.0,151.3,53.0,6.92,49.79
6.59,90.0,2.02,0.0,57.0,49.0,54.0,4.0,4.0,9.5,0.13,3.0,50.0,94.0,44.0,42.0,82.0,87.0,50.0,0.0,2.0,1.0,34.8,81.0,10.25,34.12
6.02,92.0,1.24,0.0,98.0,90.0,94.0,1.0,4.0,9.3,0.17,4.0,49.0,98.0,81.0,52.0,64.0,42.0,50.0,0.0,6.0,8.0,140.9,88.0,7.15,61.11
8.25,93.0,1.28,1.0,59.0,70.0,35.0,0.0,4.0,16.6,0.36,0.0,56.0,86.0,98.0,67.0,64.0,35.0,90.0,1.0,4.0,10.0,14.2,82.0,3.56,51.15
6.8,91.0,2.01,0.0,95.0,65.0,47.0,1.0,1.0,9.9,0.29,6.0,75.0,49.0,40.0,93.0,63.0,87.0,40.0,0.0,5.0,9.0,166.0,63.0,3.65,44.44
7.67,81.0,1.65,0.0,82.0,82.0,94.0,2.0,3.0,17.1,0.96,1.0,71.0,99.0,52.0,60.0,75.0,81.0,35.0,1.0,3.0,0.0,102.4,32.0,1.45,66.33
5.73,76.0,2.08,0.0,48.0,70.0,81.0,4.0,0.0,5.1,0.84,7.0,57.0,70.0,92.0,60.0,66.0,81.0,80.0,0.0,5.0,1.0,42.6,49.0,1.9,34.46
7.01,68.0,1.0,0.0,52.0,52.0,96.0,3.0,1.0,15.2,0.53,4.0,99.0,98.0,31.0,46.0,92.0,66.0,55.0,0.0,3.0,10.0,10.4,45.0,6.06,46.42
6.1,61.0,1.63,0.0,54.0,49.0,60.0,2.0,4.0,7.8,0.21,0.0,57.0,91.0,76.0,56.0,96.0,32.0,72.0,1.0,5.0,6.0,103.5,82.0,4.9,23.07
5.79,91.0,1.22,0.0,66.0,59.0,46.0,0.0,0.0,14.9,0.52,6.0,40.0,65.0,59.0,87.0,65.0,37.0,97.0,1.0,4.0,2.0,189.9,92.0,6.39,28.29
9.95,76.0,1.81,1.0,54.0,60.0,84.0,3.0,1.0,14.8,0.56,3.0,53.0,64.0,45.0,53.0,84.0,39.0,84.0,0.0,2.0,1.0,218.5,76.0,10.71,45.57
6.95,59.0,0.98,0.0,67.0,45.0,65.0,4.0,2.0,3.4,0.74,5.0,47.0,67.0,88.0,72.0,87.0,76.0,46.0,,2.0,5.0,24.4,83.0,11.87,35.43
8.57,75.0,0.7,1.0,58.0,47.0,46.0,5.0,2.0,5.4,0.36,0.0,54.0,65.0,38.0,40.0,82.0,71.0,43.0,1.0,5.0,10.0,93.7,71.0,9.9,25.51
8.18,69.0,0.94,1.0,91.0,91.0,31.0,5.0,4.0,13.1,0.44,3.0,73.0,59.0,88.0,48.0,95.0,38.0,44.0,0.0,4.0,5.0,88.0,32.0,7.96,61.26
7.35,64.0,0.57,1.0,64.0,57.0,33.0,0.0,3.0,0.0,0.75,6.0,40.0,95.0,37.0,76.0,83.0,33.0,92.0,0.0,7.0,4.0,52.3,65.0,7.94,24.34
9.68,93.0,2.23,0.0,65.0,99.0,35.0,2.0,3.0,3.1,0.57,4.0,60.0,63.0,47.0,80.0,64.0,30.0,86.0,0.0,7.0,3.0,114.1,60.0,10.19,48.74
9.84,55.0,2.4,1.0,67.0,65.0,55.0,3.0,2.0,4.3,0.48,7.0,40.0,78.0,78.0,76.0,58.0,75.0,40.0,1.0,2.0,1.0,113.3,20.0,8.69,34.14
6.32,75.0,1.53,0.0,92.0,82.0,43.0,0.0,0.0,17.5,0.89,1.0,86.0,50.0,83.0,87.0,96.0,44.0,45.0,1.0,5.0,9.0,172.6,92.0,11.25,47.22
8.09,86.0,1.21,1.0,72.0,90.0,75.0,5.0,2.0,5.7,0.68,1.0,69.0,49.0,66.0,55.0,69.0,71.0,55.0,1.0,2.0,4.0,41.5,77.0,8.02,53.3
9.29,90.0,2.29,0.0,81.0,69.0,45.0,0.0,0.0,8.1,0.94,5.0,46.0,51.0,45.0,90.0,54.0,80.0,76.0,0.0,3.0,4.0,164.8,54.0,2.57,42.17
9.08,89.0,2.29,0.0,56.0,52.0,58.0,4.0,4.0,2.6,0.84,3.0,96.0,57.0,75.0,75.0,65.0,70.0,37.0,1.0,1.0,6.0,66.4,85.0,9.1,53.95
6.41,65.0,1.34,0.0,83.0,52.0,37.0,4.0,2.0,3.4,0.57,4.0,89.0,95.0,90.0,85.0,74.0,86.0,94.0,0.0,6.0,0.0,14.8,63.0,10.8,50.34
6.24,75.0,2.06,0.0,72.0,77.0,32.0,5.0,0.0,15.5,0.38,1.0,84.0,98.0,75.0,98.0,93.0,67.0,83.0,1.0,7.0,11.0,191.6,45.0,10.42,57.98
9.17,58.0,1.5,0.0,88.0,51.0,95.0,5.0,0.0,6.8,0.43,4.0,95.0,57.0,91.0,47.0,79.0,92.0,71.0,0.0,4.0,7.0,205.0,96.0,6.11,65.35
8.49,88.0,0.91,0.0,95.0,82.0,51.0,0.0,3.0,15.7,0.54,6.0,47.0,87.0,64.0,63.0,63.0,33.0,76.0,0.0,2.0,6.0,116.5,49.0,6.0,62.13
7.85,72.0,1.68,1.0,42.0,65.0,75.0,4.0,4.0,11.9,0.45,0.0,66.0,71.0,71.0,42.0,71.0,77.0,99.0,0.0,3.0,10.0,133.5,51.0,10.84,44.23
9.45,89.0,1.16,0.0,88.0,95.0,62.0,1.0,3.0,12.3,0.47,4.0,53.0,96.0,97.0,71.0,77.0,67.0,35.0,1.0,5.0,7.0,43.2,38.0,9.0,76.58
9.17,83.0,0.91,0.0,65.0,65.0,56.0,0.0,3.0,13.2,0.88,2.0,98.0,69.0,59.0,73.0,68.0,99.0,38.0,0.0,7.0,9.0,199.6,84.0,11.1,63.08
7.48,92.0,0.64,1.0,74.0,64.0,53.0,4.0,0.0,8.8,0.44,1.0,91.0,77.0,53.0,84.0,87.0,53.0,48.0,1.0,7.0,0.0,194.3,76.0,5.75,52.14
8.86,63.0,1.32,0.0,92.0,94.0,92.0,3.0,0.0,16.4,0.25,4.0,60.0,58.0,52.0,49.0,71.0,31.0,87.0,0.0,4.0,2.0,82.1,38.0,1.27,51.09
7.23,87.0,1.89,0.0,85.0,59.0,72.0,2.0,1.0,12.4,0.22,5.0,63.0,68.0,36.0,87.0,73.0,67.0,84.0,1.0,1.0,2.0,221.0,37.0,8.62,47.0
8.31,75.0,0.8,0.0,63.0,54.0,78.0,0.0,1.0,16.5,0.01,4.0,91.0,98.0,81.0,63.0,77.0,60.0,76.0,1.0,2.0,2.0,148.7,97.0,5.9,56.11
8.32,88.0,1.06,0.0,88.0,60.0,86.0,4.0,2.0,15.8,0.61,2.0,58.0,97.0,42.0,60.0,85.0,55.0,36.0,,7.0,2.0,247.8,89.0,5.82,68.49
7.01,62.0,1.35,0.0,64.0,80.0,99.0,2.0,2.0,5.0,0.19,3.0,92.0,84.0,57.0,95.0,58.0,57.0,41.0,0.0,4.0,11.0,43.2,95.0,2.65,46.68
6.13,76.0,0.58,0.0,49.0,64.0,72.0,4.0,2.0,1.9,0.29,3.0,63.0,89.0,30.0,81.0,59.0,34.0,83.0,1.0,1.0,2.0,187.9,71.0,10.17,24.62
9.52,77.0,1.33,0.0,97.0,66.0,66.0,4.0,2.0,14.5,0.73,5.0,43.0,80.0,89.0,80.0,78.0,34.0,94.0,0.0,7.0,4.0,121.9,45.0,8.58,76.41
8.85,55.0,1.11,1.0,45.0,73.0,51.0,0.0,3.0,1.8,0.8,5.0,72.0,99.0,44.0,51.0,95.0,46.0,66.0,1.0,3.0,6.0,187.9,28.0,5.3,33.74
8.06,91.0,0.96,0.0,59.0,82.0,80.0,0.0,0.0,9.0,0.73,1.0,77.0,90.0,82.0,46.0,70.0,74.0,76.0,0.0,7.0,11.0,29.7,91.0,7.36,52.5
8.93,62.0,0.5,0.0,55.0,72.0,77.0,3.0,3.0,0.8,0.07,0.0,82.0,59.0,46.0,80.0,72.0,92.0,97.0,1.0,3.0,6.0,175.1,80.0,9.9,47.42
9.45,67.0,1.96,0.0,46.0,92.0,99.0,4.0,2.0,6.3,0.96,2.0,98.0,96.0,35.0,79.0,58.0,57.0,95.0,0.0,2.0,10.0,175.7,40.0,5.97,66.15
6.0,55.0,1.83,0.0,82.0,58.0,75.0,1.0,2.0,8.4,0.81,2.0,84.0,54.0,69.0,40.0,71.0,71.0,60.0,0.0,7.0,5.0,88.2,77.0,11.15,21.93
9.31,78.0,1.98,1.0,65.0,97.0,65.0,4.0,3.0,8.9,0.97,6.0,40.0,98.0,59.0,85.0,53.0,98.0,82.0,0.0,7.0,9.0,12.7,64.0,9.4,76.39
7.29,78.0,1.35,0.0,53.0,53.0,67.0,0.0,0.0,17.2,0.73,1.0,42.0,67.0,36.0,99.0,59.0,97.0,39.0,0.0,7.0,10.0,226.6,96.0,4.92,28.89
9.09,71.0,1.11,1.0,46.0,71.0,40.0,4.0,2.0,3.9,0.37,5.0,48.0,92.0,42.0,87.0,64.0,36.0,45.0,,6.0,4.0,0.6,94.0,1.68,35.83
6.17,59.0,1.15,0.0,72.0,68.0,41.0,5.0,3.0,9.3,0.18,6.0,44.0,61.0,33.0,43.0,85.0,69.0,76.0,0.0,7.0,11.0,66.7,82.0,9.89,30.77
8.75,75.0,2.13,0.0,96.0,70.0,68.0,1.0,4.0,10.0,0.17,4.0,49.0,64.0,32.0,77.0,95.0,72.0,53.0,0.0,7.0,4.0,2.5,82.0,7.75,55.32
8.74,94.0,0.86,1.0,84.0,73.0,40.0,1.0,4.0,16.7,0.98,3.0,51.0,88.0,41.0,86.0,54.0,80.0,82.0,0.0,4.0,2.0,2.5,63.0,1.67,70.15
8.62,90.0,2.3,0.0,42.0,93.0,81.0,3.0,1.0,8.3,0.59,3.0,97.0,59.0,56.0,61.0,96.0,61.0,89.0,0.0,1.0,5.0,197.3,77.0,5.78,62.5
9.59,82.0,1.68,0.0,41.0,67.0,70.0,3.0,3.0,9.8,0.56,4.0,44.0,96.0,46.0,66.0,65.0,59.0,52.0,0.0,3.0,11.0,3.2,94.0,8.0,50.03
8.13,59.0,1.82,0.0,53.0,73.0,87.0,4.0,4.0,9.6,0.29,6.0,64.0,50.0,63.0,57.0,85.0,93.0,52.0,1.0,7.0,7.0,78.0,74.0,10.76,51.13
7.58,84.0,1.59,0.0,69.0,86.0,53.0,1.0,1.0,12.6,0.76,0.0,88.0,67.0,53.0,52.0,90.0,80.0,80.0,0.0,2.0,0.0,41.4,94.0,8.46,48.31
9.76,86.0,1.92,0.0,88.0,51.0,60.0,1.0,3.0,11.2,0.97,1.0,47.0,88.0,83.0,61.0,50.0,66.0,89.0,0.0,2.0,5.0,84.1,78.0,2.05,59.81
6.19,62.0,0.83,0.0,51.0,86.0,84.0,5.0,2.0,3.4,0.04,3.0,56.0,89.0,47.0,53.0,54.0,35.0,72.0,0.0,3.0,5.0,146.5,57.0,6.72,22.76
8.14,64.0,2.06,1.0,65.0,80.0,39.0,3.0,0.0,8.4,0.29,6.0,48.0,63.0,79.0,50.0,90.0,63.0,36.0,0.0,7.0,2.0,130.1,44.0,11.1,25.36
9.42,71.0,1.03,0.0,53.0,46.0,32.0,1.0,2.0,5.8,0.68,6.0,79.0,88.0,56.0,61.0,78.0,92.0,73.0,1.0,1.0,4.0,70.2,32.0,6.63,42.19
8.68,63.0,0.71,0.0,60.0,45.0,85.0,1.0,3.0,8.3,0.39,1.0,78.0,58.0,86.0,53.0,51.0,98.0,54.0,0.0,3.0,9.0,11.6,43.0,5.75,34.4
8.09,69.0,1.52,0.0,87.0,54.0,44.0,1.0,0.0,1.7,0.46,7.0,66.0,71.0,44.0,96.0,78.0,69.0,53.0,0.0,7.0,10.0,26.3,59.0,11.36,34.52
7.41,90.0,2.37,1.0,79.0,96.0,67.0,1.0,4.0,17.1,0.63,7.0,48.0,54.0,42.0,45.0,65.0,78.0,53.0,1.0,5.0,5.0,11.0,97.0,10.82,54.73
9.7,68.0,1.89,0.0,81.0,98.0,86.0,4.0,3.0,16.8,0.85,6.0,54.0,59.0,95.0,96.0,96.0,99.0,58.0,0.0,1.0,3.0,11.1,79.0,3.28,100.0
9.28,66.0,1.96,0.0,62.0,46.0,72.0,0.0,2.0,11.4,0.78,1.0,61.0,95.0,38.0,49.0,98.0,41.0,82.0,0.0,4.0,9.0,176.6,77.0,9.68,38.82
6.06,81.0,2.22,1.0,56.0,62.0,55.0,4.0,2.0,13.9,0.49,3.0,89.0,92.0,60.0,94.0,53.0,61.0,98.0,0.0,7.0,5.0,198.9,99.0,11.67,49.87
9.41,56.0,2.11,0.0,99.0,46.0,71.0,4.0,4.0,10.7,0.2,7.0,93.0,93.0,72.0,50.0,82.0,62.0,57.0,1.0,5.0,7.0,51.3,96.0,10.96,72.29
8.16,86.0,1.19,0.0,59.0,66.0,40.0,0.0,4.0,6.2,0.78,1.0,72.0,45.0,71.0,54.0,73.0,38.0,67.0,0.0,1.0,4.0,240.1,68.0,10.9,30.85
7.01,86.0,2.21,0.0,85.0,83.0,30.0,0.0,0.0,6.0,0.45,2.0,53.0,75.0,95.0,89.0,77.0,68.0,89.0,1.0,1.0,4.0,145.8,59.0,8.92,38.98
9.11,86.0,1.9,0.0,42.0,68.0,31.0,4.0,3.0,1.9,0.58,5.0,83.0,62.0,45.0,98.0,56.0,52.0,95.0,1.0,2.0,2.0,115.4,90.0,5.55,47.77
9.64,71.0,1.26,0.0,75.0,61.0,41.0,0.0,3.0,2.1,0.43,6.0,55.0,91.0,33.0,69.0,85.0,87.0,87.0,0.0,3.0,8.0,177.2,33.0,5.03,50.72
7.06,94.0,0.83,1.0,53.0,45.0,51.0,0.0,2.0,17.0,0.61,3.0,93.0,51.0,39.0,79.0,80.0,77.0,95.0,0.0,5.0,11.0,239.0,93.0,11.99,48.82
7.06,72.0,2.07,0.0,55.0,97.0,49.0,0.0,4.0,13.2,0.56,7.0,44.0,72.0,80.0,74.0,68.0,87.0,80.0,1.0,2.0,11.0,156.2,28.0,3.95,51.45
7.53,79.0,1.27,1.0,73.0,89.0,59.0,2.0,0.0,11.6,0.15,6.0,64.0,47.0,76.0,59.0,98.0,68.0,85.0,0.0,4.0,3.0,62.1,32.0,1.11,49.37
6.13,79.0,0.52,1.0,45.0,91.0,65.0,1.0,1.0,9.1,0.75,3.0,89.0,75.0,65.0,48.0,56.0,91.0,41.0,1.0,5.0,3.0,137.2,73.0,7.73,32.61
8.11,75.0,2.13,0.0,91.0,66.0,53.0,3.0,0.0,9.6,0.23,0.0,80.0,71.0,93.0,62.0,74.0,55.0,80.0,0.0,3.0,11.0,83.1,52.0,6.15,45.26
8.49,84.0,0.6,0.0,69.0,70.0,95.0,3.0,0.0,11.2,0.59,0.0,52.0,62.0,57.0,94.0,72.0,37.0,37.0,0.0,1.0,1.0,225.6,37.0,10.74,41.76
6.17,72.0,2.23,1.0,79.0,68.0,80.0,2.0,2.0,14.8,0.6,2.0,65.0,70.0,62.0,87.0,51.0,99.0,87.0,1.0,4.0,8.0,9.8,30.0,9.22,43.36
7.37,75.0,0.86,1.0,46.0,54.0,64.0,2.0,0.0,7.2,0.47,3.0,94.0,95.0,89.0,79.0,87.0,84.0,88.0,0.0,5.0,10.0,141.6,43.0,5.11,51.44
9.99,75.0,1.61,0.0,87.0,68.0,58.0,1.0,4.0,1.1,0.43,1.0,40.0,84.0,75.0,85.0,52.0,50.0,37.0,0.0,5.0,7.0,80.8,83.0,11.71,44.05
8.18,94.0,0.76,0.0,45.0,80.0,87.0,0.0,2.0,6.8,0.21,6.0,43.0,96.0,94.0,73.0,74.0,38.0,49.0,0.0,7.0,10.0,187.0,96.0,4.86,55.76
6.44,86.0,1.12,0.0,92.0,60.0,71.0,0.0,2.0,13.4,0.75,6.0,90.0,73.0,56.0,99.0,78.0,55.0,67.0,1.0,5.0,9.0,37.3,71.0,6.53,63.96
9.54,65.0,1.08,0.0,82.0,61.0,57.0,0.0,2.0,0.9,0.79,0.0,92.0,87.0,61.0,91.0,93.0,30.0,37.0,1.0,6.0,4.0,44.0,98.0,7.91,46.79
6.42,76.0,2.24,0.0,76.0,95.0,58.0,2.0,0.0,4.0,0.2,4.0,97.0,65.0,32.0,91.0,89.0,34.0,36.0,1.0,3.0,6.0,70.4,76.0,6.68,33.14
5.66,79.0,2.09,0.0,46.0,59.0,32.0,3.0,1.0,9.9,0.5,5.0,88.0,75.0,46.0,86.0,87.0,92.0,50.0,1.0,7.0,6.0,242.9,42.0,10.94,30.92
7.62,76.0,1.0,0.0,98.0,60.0,39.0,5.0,3.0,2.6,0.92,7.0,42.0,99.0,61.0,66.0,84.0,51.0,88.0,0.0,3.0,7.0,4.7,78.0,11.92,63.5
7.54,72.0,2.31,0.0,42.0,45.0,71.0,4.0,4.0,3.3,0.22,4.0,62.0,53.0,69.0,47.0,63.0,45.0,74.0,0.0,7.0,4.0,221.9,37.0,3.89,19.51
7.86,56.0,0.52,0.0,97.0,59.0,61.0,0.0,1.0,7.3,0.01,1.0,72.0,77.0,77.0,55.0,96.0,82.0,86.0,1.0,6.0,10.0,167.5,90.0,11.23,45.21
7.48,83.0,1.85,0.0,44.0,70.0,61.0,4.0,0.0,6.4,0.72,6.0,94.0,77.0,80.0,68.0,88.0,94.0,50.0,1.0,2.0,2.0,249.6,52.0,1.31,55.49
8.02,69.0,1.6,0.0,92.0,48.0,61.0,2.0,4.0,9.2,0.79,3.0,80.0,72.0,66.0,99.0,57.0,97.0,94.0,1.0,2.0,7.0,22.0,47.0,7.86,63.33
6.32,85.0,1.11,0.0,48.0,49.0,30.0,5.0,4.0,13.3,0.82,7.0,44.0,87.0,70.0,70.0,68.0,91.0,37.0,1.0,5.0,4.0,67.3,82.0,6.74,47.82
9.38,69.0,1.21,0.0,54.0,79.0,85.0,3.0,4.0,7.1,0.13,6.0,46.0,75.0,49.0,52.0,51.0,74.0,49.0,1.0,7.0,9.0,104.2,66.0,9.64,46.38
8.4,76.0,1.31,0.0,56.0,62.0,38.0,3.0,4.0,6.2,0.35,2.0,88.0,56.0,91.0,72.0,87.0,78.0,79.0,1.0,2.0,0.0,115.7,33.0,11.42,48.28
7.34,91.0,0.64,0.0,65.0,78.0,51.0,3.0,2.0,4.4,0.76,4.0,61.0,61.0,48.0,47.0,62.0,51.0,51.0,1.0,6.0,10.0,161.8,86.0,4.91,39.5
6.5,84.0,0.61,0.0,77.0,51.0,74.0,2.0,3.0,11.8,0.99,2.0,76.0,52.0,34.0,88.0,55.0,79.0,92.0,0.0,2.0,3.0,145.2,62.0,1.29,50.07
8.52,79.0,2.39,0.0,81.0,47.0,38.0,4.0,3.0,14.6,0.29,1.0,76.0,90.0,88.0,71.0,82.0,59.0,49.0,0.0,1.0,3.0,179.5,99.0,11.57,57.14
8.44,55.0,1.34,0.0,94.0,77.0,35.0,2.0,2.0,4.4,0.76,6.0,79.0,46.0,82.0,63.0,64.0,31.0,68.0,1.0,1.0,7.0,21.5,97.0,3.64,42.44
6.57,59.0,2.0,0.0,53.0,81.0,77.0,4.0,0.0,16.3,0.12,6.0,72.0,61.0,81.0,52.0,72.0,83.0,80.0,0.0,5.0,1.0,107.2,56.0,2.82,38.33
5.95,57.0,0.7,1.0,49.0,92.0,36.0,5.0,3.0,1.9,0.83,4.0,84.0,54.0,30.0,60.0,85.0,64.0,63.0,0.0,4.0,3.0,27.4,71.0,3.92,29.28
9.35,94.0,1.36,0.0,83.0,85.0,30.0,0.0,4.0,12.4,0.89,6.0,67.0,46.0,69.0,52.0,52.0,80.0,39.0,1.0,3.0,8.0,228.3,26.0,4.74,58.39
7.29,86.0,0.64,1.0,85.0,76.0,66.0,0.0,0.0,13.0,0.2,0.0,79.0,63.0,73.0,62.0,66.0,91.0,84.0,1.0,6.0,5.0,159.4,25.0,9.71,42.53
8.51,88.0,1.54,0.0,73.0,48.0,93.0,3.0,0.0,3.4,0.43,7.0,56.0,61.0,35.0,89.0,83.0,90.0,39.0,0.0,7.0,10.0,76.7,26.0,9.66,47.44
5.56,93.0,1.31,0.0,56.0,80.0,95.0,4.0,1.0,13.3,0.13,2.0,48.0,94.0,34.0,53.0,95.0,40.0,48.0,1.0,7.0,4.0,61.6,48.0,4.15,36.89
6.44,81.0,1.91,1.0,42.0,72.0,49.0,0.0,2.0,5.9,0.51,2.0,71.0,72.0,46.0,63.0,89.0,70.0,68.0,0.0,4.0,3.0,172.2,82.0,11.29,21.27
5.62,56.0,1.35,0.0,70.0,57.0,89.0,0.0,2.0,10.7,0.03,1.0,90.0,82.0,67.0,92.0,78.0,34.0,81.0,0.0,4.0,7.0,237.9,87.0,3.77,33.63
6.32,67.0,1.19,0.0,90.0,45.0,53.0,3.0,4.0,15.7,0.92,0.0,91.0,92.0,38.0,97.0,84.0,95.0,94.0,0.0,5.0,11.0,140.6,32.0,5.78,66.84
7.4,90.0,1.03,1.0,51.0,92.0,66.0,0.0,4.0,6.9,0.52,1.0,70.0,94.0,55.0,90.0,89.0,92.0,84.0,0.0,7.0,4.0,223.1,46.0,10.21,62.8
9.18,80.0,1.47,0.0,43.0,98.0,47.0,2.0,4.0,12.5,0.12,3.0,69.0,94.0,54.0,61.0,79.0,73.0,75.0,1.0,1.0,9.0,77.7,53.0,3.72,61.22
7.04,66.0,1.04,0.0,81.0,80.0,95.0,1.0,0.0,1.9,0.36,5.0,97.0,45.0,65.0,49.0,64.0,43.0,93.0,0.0,5.0,11.0,60.8,47.0,10.68,32.73
6.67,71.0,1.07,0.0,52.0,99.0,77.0,0.0,4.0,12.0,0.26,5.0,42.0,47.0,62.0,93.0,64.0,98.0,94.0,1.0,3.0,6.0,143.0,92.0,1.42,52.55
8.16,68.0,2.44,0.0,81.0,60.0,87.0,0.0,1.0,3.6,0.97,3.0,90.0,96.0,40.0,60.0,82.0,85.0,59.0,0.0,4.0,11.0,189.9,49.0,10.4,46.99
7.98,70.0,2.4,0.0,43.0,95.0,94.0,2.0,3.0,0.4,0.48,6.0,85.0,59.0,76.0,52.0,99.0,41.0,49.0,1.0,5.0,6.0,52.6,57.0,3.46,45.58
7.46,85.0,1.09,0.0,57.0,66.0,71.0,1.0,4.0,8.7,0.85,6.0,89.0,67.0,73.0,55.0,52.0,97.0,75.0,1.0,7.0,11.0,185.4,41.0,7.03,58.49
6.83,60.0,0.68,1.0,44.0,68.0,38.0,0.0,0.0,9.0,0.47,6.0,97.0,58.0,88.0,69.0,85.0,72.0,94.0,0.0,3.0,11.0,36.9,50.0,7.78,31.09
9.77,73.0,1.7,0.0,58.0,87.0,89.0,1.0,4.0,5.8,0.87,4.0,86.0,59.0,79.0,70.0,53.0,35.0,56.0,,6.0,2.0,55.7,61.0,12.0,52.85
8.94,91.0,1.75,0.0,41.0,89.0,44.0,4.0,1.0,2.4,0.29,2.0,65.0,54.0,98.0,44.0,60.0,44.0,77.0,0.0,3.0,2.0,106.1,81.0,6.4,33.0
6.13,58.0,1.8,0.0,51.0,96.0,86.0,2.0,2.0,6.8,0.13,1.0,40.0,53.0,58.0,71.0,90.0,71.0,66.0,1.0,1.0,5.0,18.0,83.0,6.84,22.34
7.69,74.0,0.53,0.0,49.0,97.0,51.0,1.0,4.0,14.1,0.59,6.0,96.0,83.0,31.0,86.0,77.0,82.0,72.0,1.0,7.0,0.0,37.4,28.0,2.2,63.47
9.53,64.0,2.43,0.0,73.0,80.0,93.0,4.0,4.0,9.6,0.89,3.0,77.0,49.0,54.0,48.0,81.0,35.0,60.0,1.0,3.0,0.0,237.8,63.0,3.99,58.33
6.66,94.0,1.7,0.0,48.0,94.0,92.0,5.0,0.0,9.4,0.28,7.0,42.0,69.0,74.0,53.0,61.0,84.0,76.0,1.0,3.0,5.0,216.8,89.0,2.63,54.19
6.13,93.0,2.23,0.0,41.0,60.0,38.0,2.0,2.0,10.1,0.56,4.0,56.0,92.0,78.0,55.0,71.0,87.0,86.0,0.0,3.0,11.0,149.1,61.0,10.39,35.08
9.93,64.0,0.71,0.0,97.0,62.0,78.0,0.0,4.0,3.5,0.13,4.0,47.0,53.0,67.0,59.0,97.0,75.0,60.0,0.0,3.0,10.0,146.4,82.0,1.42,60.87
7.87,92.0,0.81,0.0,50.0,66.0,80.0,5.0,4.0,11.6,0.81,5.0,99.0,54.0,33.0,83.0,86.0,51.0,55.0,0.0,2.0,3.0,178.1,76.0,9.3,70.66
6.73,68.0,1.86,0.0,87.0,83.0,87.0,4.0,4.0,13.4,0.97,3.0,68.0,75.0,63.0,74.0,67.0,85.0,48.0,1.0,4.0,1.0,198.3,99.0,2.63,70.34
7.99,57.0,1.32,1.0,47.0,73.0,43.0,2.0,0.0,0.9,0.04,2.0,64.0,63.0,44.0,83.0,96.0,46.0,58.0,0.0,7.0,10.0,240.6,53.0,0.89,16.31
8.43,78.0,0.53,0.0,75.0,98.0,65.0,0.0,1.0,3.9,0.75,1.0,90.0,87.0,39.0,59.0,62.0,67.0,86.0,1.0,2.0,1.0,57.8,54.0,4.2,47.57
5.55,58.0,1.4,0.0,51.0,61.0,55.0,3.0,3.0,8.2,0.07,5.0,93.0,59.0,60.0,45.0,81.0,44.0,94.0,0.0,3.0,2.0,58.2,79.0,4.25,22.21
6.12,78.0,2.42,0.0,53.0,60.0,65.0,0.0,4.0,12.6,0.62,6.0,64.0,73.0,66.0,81.0,90.0,42.0,37.0,0.0,6.0,10.0,98.5,73.0,2.74,39.25
9.55,88.0,1.3,0.0,87.0,75.0,77.0,2.0,3.0,7.0,0.59,5.0,68.0,91.0,57.0,49.0,94.0,87.0,43.0,0.0,7.0,11.0,134.4,54.0,3.15,80.16
9.61,73.0,0.52,0.0,83.0,81.0,58.0,3.0,2.0,9.1,0.1,0.0,77.0,46.0,68.0,45.0,51.0,30.0,46.0,0.0,4.0,9.0,55.1,59.0,5.19,37.22
7.38,76.0,1.37,0.0,89.0,46.0,39.0,0.0,3.0,5.9,0.93,2.0,56.0,67.0,95.0,58.0,60.0,68.0,52.0,1.0,3.0,3.0,126.8,74.0,2.54,32.45
7.22,78.0,0.69,0.0,69.0,96.0,68.0,0.0,3.0,9.1,0.37,2.0,41.0,88.0,67.0,70.0,95.0,56.0,44.0,1.0,6.0,5.0,17.1,92.0,6.81,48.91
7.84,66.0,2.0,1.0,78.0,92.0,30.0,1.0,3.0,0.4,0.08,1.0,47.0,96.0,70.0,41.0,59.0,65.0,52.0,1.0,6.0,8.0,230.9,59.0,7.26,22.77
5.71,84.0,2.33,0.0,59.0,90.0,68.0,1.0,4.0,5.6,0.39,2.0,75.0,90.0,69.0,57.0,88.0,61.0,58.0,1.0,3.0,6.0,73.6,95.0,7.81,43.61
8.82,85.0,1.02,0.0,62.0,77.0,94.0,2.0,4.0,10.0,0.51,3.0,46.0,68.0,45.0,67.0,56.0,44.0,50.0,1.0,4.0,6.0,124.4,34.0,1.06,49.12
5.87,90.0,1.37,0.0,46.0,79.0,44.0,3.0,4.0,8.1,0.69,2.0,75.0,64.0,88.0,99.0,64.0,60.0,49.0,0.0,7.0,1.0,212.5,24.0,7.71,40.85
8.21,73.0,1.95,0.0,48.0,83.0,33.0,4.0,2.0,5.1,0.06,0.0,55.0,91.0,40.0,43.0,75.0,35.0,96.0,1.0,7.0,8.0,61.8,59.0,11.23,20.89
6.6,90.0,0.52,0.0,40.0,91.0,89.0,0.0,0.0,5.4,0.28,4.0,53.0,71.0,30.0,40.0,60.0,81.0,39.0,0.0,7.0,0.0,43.8,37.0,11.51,10.28
6.8,87.0,1.73,1.0,77.0,64.0,49.0,5.0,1.0,15.0,0.08,5.0,64.0,68.0,59.0,81.0,76.0,60.0,86.0,0.0,2.0,2.0,53.2,98.0,0.73,55.4
7.1,72.0,1.78,0.0,77.0,46.0,39.0,2.0,3.0,17.4,0.86,6.0,80.0,61.0,98.0,89.0,88.0,75.0,41.0,0.0,7.0,2.0,186.5,22.0,1.72,56.9
8.05,87.0,0.68,1.0,61.0,63.0,62.0,2.0,2.0,15.2,0.36,4.0,95.0,99.0,61.0,97.0,59.0,30.0,51.0,0.0,1.0,4.0,226.9,72.0,11.38,58.74
8.49,60.0,2.25,0.0,49.0,62.0,39.0,1.0,0.0,9.9,0.15,5.0,40.0,72.0,60.0,41.0,64.0,86.0,47.0,1.0,2.0,0.0,90.0,78.0,10.43,4.78
9.72,58.0,1.98,1.0,94.0,60.0,83.0,4.0,4.0,4.2,0.07,3.0,78.0,94.0,80.0,91.0,79.0,38.0,39.0,0.0,7.0,7.0,91.9,40.0,9.99,64.07
6.47,81.0,1.0,0.0,45.0,56.0,30.0,2.0,0.0,9.6,0.13,1.0,90.0,66.0,89.0,40.0,57.0,38.0,38.0,0.0,2.0,9.0,215.4,44.0,9.51,3.72
5.64,69.0,0.93,0.0,56.0,73.0,34.0,5.0,4.0,14.6,0.31,4.0,79.0,49.0,62.0,78.0,73.0,74.0,60.0,1.0,3.0,8.0,11.3,87.0,1.95,44.98
6.68,60.0,1.04,0.0,90.0,51.0,44.0,1.0,0.0,14.1,0.51,5.0,96.0,98.0,82.0,62.0,68.0,53.0,50.0,0.0,7.0,4.0,143.4,29.0,7.85,35.53
5.73,65.0,0.63,0.0,77.0,99.0,52.0,4.0,2.0,12.9,0.79,7.0,40.0,86.0,70.0,50.0,64.0,51.0,70.0,0.0,6.0,10.0,248.5,28.0,2.36,49.47
5.98,59.0,0.66,1.0,47.0,86.0,57.0,5.0,4.0,8.1,0.41,7.0,69.0,56.0,62.0,63.0,97.0,57.0,95.0,0.0,4.0,5.0,211.8,91.0,11.15,51.82
8.78,57.0,2.18,1.0,95.0,54.0,90.0,5.0,2.0,10.0,0.23,5.0,72.0,82.0,54.0,53.0,87.0,89.0,92.0,1.0,2.0,10.0,143.2,76.0,5.22,70.58
7.73,67.0,2.11,0.0,45.0,87.0,93.0,3.0,0.0,3.4,0.01,6.0,87.0,88.0,81.0,53.0,68.0,89.0,91.0,0.0,4.0,4.0,238.4,79.0,0.63,50.66
8.6,84.0,2.15,0.0,60.0,61.0,60.0,0.0,3.0,15.5,0.65,1.0,61.0,59.0,41.0,46.0,98.0,35.0,97.0,0.0,6.0,1.0,183.9,47.0,9.62,36.08
9.19,73.0,0.9,0.0,63.0,86.0,50.0,1.0,1.0,8.7,0.86,6.0,85.0,95.0,97.0,61.0,62.0,48.0,47.0,1.0,6.0,3.0,80.6,90.0,1.71,59.51
9.1,89.0,1.73,0.0,72.0,53.0,88.0,1.0,2.0,9.0,0.08,7.0,43.0,97.0,44.0,99.0,88.0,31.0,69.0,1.0,3.0,3.0,182.3,86.0,10.75,59.52
8.63,80.0,1.99,0.0,98.0,93.0,79.0,4.0,1.0,3.9,0.11,0.0,62.0,78.0,80.0,75.0,61.0,84.0,61.0,0.0,2.0,10.0,58.2,74.0,5.51,62.39
7.12,91.0,0.64,0.0,67.0,80.0,59.0,2.0,4.0,12.9,0.27,3.0,64.0,52.0,98.0,41.0,93.0,98.0,76.0,0.0,1.0,9.0,4.7,95.0,1.9,67.6
9.63,75.0,2.34,0.0,91.0,53.0,49.0,2.0,3.0,8.3,0.59,6.0,56.0,80.0,63.0,90.0,53.0,72.0,82.0,1.0,7.0,3.0,66.7,24.0,10.96,54.14
9.78,59.0,1.58,1.0,51.0,94.0,31.0,0.0,0.0,13.2,0.03,6.0,54.0,82.0,97.0,58.0,99.0,53.0,40.0,0.0,3.0,2.0,209.6,48.0,5.31,38.42
7.94,80.0,2.29,1.0,66.0,59.0,33.0,4.0,1.0,14.8,0.83,1.0,94.0,88.0,90.0,42.0,66.0,80.0,59.0,0.0,1.0,2.0,123.6,63.0,4.81,47.09
9.43,58.0,1.83,0.0,49.0,50.0,83.0,4.0,1.0,3.7,0.42,6.0,91.0,88.0,77.0,86.0,98.0,89.0,89.0,1.0,7.0,0.0,116.7,37.0,9.12,60.66
9.13,93.0,1.41,0.0,96.0,73.0,32.0,0.0,2.0,2.3,0.87,7.0,68.0,51.0,63.0,47.0,87.0,34.0,71.0,1.0,3.0,9.0,199.9,81.0,6.43,54.79
8.62,55.0,1.0,0.0,81.0,73.0,63.0,5.0,3.0,13.5,0.37,3.0,40.0,59.0,36.0,75.0,62.0,40.0,71.0,0.0,4.0,9.0,190.5,35.0,7.91,42.89
9.32,78.0,1.91,0.0,71.0,48.0,72.0,4.0,0.0,8.5,0.21,3.0,40.0,93.0,76.0,46.0,58.0,44.0,87.0,0.0,6.0,1.0,48.0,83.0,2.29,37.29
6.62,90.0,1.36,1.0,81.0,62.0,51.0,4.0,0.0,14.1,0.78,7.0,49.0,86.0,37.0,46.0,70.0,77.0,50.0,1.0,7.0,6.0,78.8,56.0,7.74,43.49
7.7,60.0,1.39,0.0,65.0,94.0,99.0,0.0,1.0,13.4,0.43,7.0,57.0,67.0,30.0,89.0,90.0,75.0,52.0,0.0,7.0,6.0,23.8,44.0,7.09,48.24
6.5,85.0,1.8,0.0,64.0,93.0,31.0,5.0,0.0,10.9,0.19,1.0,86.0,96.0,32.0,85.0,57.0,57.0,53.0,0.0,6.0,3.0,35.9,28.0,6.92,32.24
5.68,79.0,2.15,0.0,73.0,60.0,45.0,0.0,2.0,5.6,0.03,7.0,47.0,59.0,80.0,97.0,65.0,87.0,92.0,0.0,2.0,1.0,23.9,28.0,9.14,23.62
8.68,90.0,1.08,0.0,96.0,55.0,30.0,2.0,2.0,11.5,0.02,6.0,61.0,92.0,44.0,51.0,77.0,97.0,44.0,0.0,3.0,5.0,235.1,31.0,9.25,54.24
8.06,78.0,1.1,1.0,62.0,95.0,42.0,1.0,3.0,15.3,0.31,5.0,65.0,60.0,97.0,48.0,95.0,78.0,72.0,0.0,3.0,11.0,242.9,93.0,5.05,67.24
9.62,84.0,1.51,0.0,68.0,94.0,44.0,4.0,4.0,12.3,0.32,0.0,48.0,76.0,34.0,77.0,63.0,80.0,71.0,1.0,7.0,10.0,36.8,77.0,5.04,63.07
5.65,76.0,0.61,0.0,70.0,86.0,82.0,4.0,2.0,4.8,0.34,5.0,60.0,81.0,39.0,69.0,95.0,88.0,79.0,0.0,1.0,3.0,191.6,70.0,8.94,55.24
6.84,61.0,2.35,0.0,79.0,89.0,37.0,4.0,2.0,14.3,0.06,4.0,91.0,64.0,41.0,40.0,87.0,80.0,36.0,0.0,7.0,9.0,156.1,67.0,4.39,40.72
7.63,64.0,1.81,0.0,57.0,92.0,67.0,3.0,0.0,6.2,0.17,3.0,53.0,67.0,79.0,88.0,90.0,49.0,41.0,0.0,2.0,6.0,154.3,43.0,11.68,31.67
9.3,70.0,0.82,0.0,72.0,82.0,72.0,1.0,0.0,8.9,0.22,1.0,46.0,47.0,69.0,65.0,78.0,55.0,52.0,0.0,3.0,10.0,219.0,98.0,6.38,38.65
6.94,85.0,0.82,0.0,76.0,57.0,49.0,0.0,2.0,13.8,0.08,0.0,63.0,90.0,47.0,83.0,52.0,77.0,67.0,0.0,3.0,0.0,127.5,94.0,6.94,33.47
9.23,79.0,0.64,0.0,73.0,48.0,49.0,4.0,1.0,4.0,0.87,0.0,48.0,83.0,50.0,42.0,59.0,43.0,67.0,,7.0,10.0,122.6,58.0,2.09,32.64
5.67,67.0,0.87,0.0,59.0,99.0,50.0,4.0,4.0,4.9,0.86,7.0,50.0,91.0,30.0,45.0,69.0,88.0,59.0,0.0,7.0,4.0,155.4,85.0,11.03,43.36
8.18,60.0,1.83,0.0,74.0,58.0,86.0,4.0,1.0,4.4,0.4,7.0,95.0,93.0,67.0,82.0,51.0,41.0,48.0,1.0,4.0,2.0,182.3,70.0,5.92,48.06
6.54,63.0,2.26,1.0,90.0,77.0,79.0,0.0,1.0,17.9,0.7,5.0,62.0,45.0,70.0,84.0,76.0,52.0,72.0,0.0,5.0,2.0,89.0,92.0,2.15,44.72
6.04,90.0,2.13,0.0,89.0,72.0,55.0,2.0,3.0,3.6,0.56,7.0,87.0,85.0,71.0,50.0,81.0,68.0,72.0,0.0,5.0,5.0,126.2,69.0,8.68,56.56
7.03,75.0,1.08,0.0,85.0,52.0,71.0,2.0,0.0,2.6,0.52,2.0,54.0,58.0,40.0,49.0,66.0,46.0,44.0,0.0,5.0,3.0,146.9,38.0,5.58,9.82
7.93,61.0,1.57,0.0,83.0,49.0,99.0,1.0,0.0,3.9,0.17,6.0,93.0,89.0,63.0,87.0,96.0,96.0,59.0,1.0,4.0,3.0,214.4,39.0,7.6,54.8
9.49,86.0,2.08,0.0,91.0,89.0,80.0,3.0,1.0,3.2,0.19,3.0,43.0,45.0,90.0,73.0,74.0,45.0,54.0,0.0,3.0,4.0,126.9,49.0,11.9,49.88
6.55,74.0,2.33,0.0,50.0,86.0,92.0,0.0,2.0,6.1,0.95,3.0,45.0,48.0,57.0,94.0,91.0,49.0,76.0,,5.0,9.0,66.1,23.0,2.23,32.26
9.42,69.0,1.15,0.0,97.0,77.0,54.0,1.0,1.0,7.6,0.67,2.0,69.0,93.0,90.0,68.0,69.0,74.0,65.0,0.0,6.0,7.0,207.8,62.0,4.16,64.06
9.44,75.0,1.51,1.0,75.0,74.0,85.0,0.0,4.0,8.4,0.45,1.0,85.0,75.0,75.0,87.0,89.0,49.0,86.0,0.0,6.0,7.0,242.8,35.0,1.91,71.45
9.99,75.0,1.29,0.0,79.0,47.0,55.0,2.0,3.0,11.1,0.57,6.0,49.0,67.0,32.0,64.0,72.0,68.0,77.0,0.0,2.0,9.0,23.6,50.0,4.57,52.4
7.66,77.0,2.22,0.0,58.0,70.0,76.0,2.0,2.0,16.9,0.36,3.0,81.0,59.0,87.0,91.0,75.0,60.0,67.0,0.0,4.0,8.0,236.6,47.0,9.95,54.1
7.38,79.0,1.38,0.0,97.0,69.0,57.0,3.0,1.0,9.0,0.87,0.0,54.0,59.0,88.0,73.0,65.0,37.0,74.0,0.0,6.0,7.0,84.8,57.0,6.82,43.05
7.4,75.0,1.72,0.0,62.0,95.0,64.0,4.0,4.0,0.4,0.68,1.0,56.0,96.0,75.0,42.0,86.0,94.0,47.0,0.0,3.0,2.0,156.0,22.0,4.83,49.57
7.1,61.0,1.89,0.0,40.0,79.0,83.0,5.0,2.0,4.8,0.48,6.0,58.0,58.0,58.0,73.0,80.0,33.0,93.0,1.0,7.0,6.0,25.7,39.0,11.43,31.68
5.69,78.0,0.5,0.0,92.0,46.0,83.0,3.0,4.0,11.6,0.7,4.0,63.0,79.0,44.0,48.0,55.0,83.0,46.0,0.0,2.0,11.0,108.6,55.0,8.06,46.52
5.58,88.0,1.94,0.0,96.0,98.0,69.0,2.0,2.0,7.5,0.26,3.0,66.0,77.0,33.0,41.0,77.0,73.0,92.0,0.0,5.0,1.0,184.6,65.0,9.97,44.75
7.42,93.0,1.53,0.0,57.0,88.0,66.0,3.0,2.0,14.1,0.53,1.0,69.0,45.0,49.0,78.0,62.0,35.0,44.0,1.0,4.0,9.0,192.4,73.0,11.04,40.31
8.56,71.0,0.67,0.0,87.0,88.0,84.0,2.0,1.0,2.4,0.59,5.0,86.0,63.0,66.0,85.0,61.0,87.0,41.0,0.0,6.0,7.0,17.9,40.0,6.6,59.19
6.48,88.0,0.54,1.0,44.0,91.0,33.0,0.0,2.0,12.2,0.31,4.0,98.0,68.0,91.0,44.0,99.0,60.0,65.0,0.0,1.0,10.0,245.6,89.0,11.56,48.73
9.77,60.0,0.83,0.0,65.0,46.0,39.0,4.0,2.0,10.1,0.05,3.0,77.0,86.0,37.0,47.0,89.0,70.0,37.0,1.0,7.0,5.0,237.5,79.0,11.29,40.07
5.9,88.0,0.98,0.0,93.0,62.0,43.0,5.0,2.0,13.3,0.64,5.0,73.0,80.0,74.0,94.0,51.0,39.0,35.0,1.0,3.0,2.0,113.5,96.0,4.23,55.7
9.46,64.0,0.71,0.0,58.0,90.0,41.0,5.0,4.0,17.8,0.68,3.0,59.0,76.0,36.0,57.0,91.0,73.0,88.0,1.0,4.0,5.0,55.2,50.0,1.42,70.34
8.26,56.0,1.72,0.0,65.0,88.0,64.0,4.0,0.0,14.9,0.68,2.0,43.0,60.0,44.0,57.0,57.0,68.0,97.0,,3.0,8.0,203.8,80.0,7.08,36.65
6.25,76.0,0.99,0.0,79.0,54.0,95.0,2.0,0.0,4.5,0.96,2.0,44.0,94.0,50.0,88.0,52.0,71.0,49.0,0.0,5.0,4.0,153.6,86.0,5.93,33.4
9.96,56.0,0.62,1.0,98.0,87.0,70.0,5.0,0.0,14.0,0.25,4.0,92.0,47.0,46.0,80.0,58.0,83.0,64.0,,7.0,4.0,24.5,48.0,6.05,65.6
6.54,64.0,1.28,0.0,97.0,69.0,96.0,1.0,1.0,17.2,0.87,5.0,97.0,96.0,85.0,84.0,62.0,59.0,70.0,1.0,2.0,9.0,223.8,86.0,7.07,73.43
9.74,88.0,0.97,0.0,97.0,78.0,58.0,1.0,4.0,12.5,0.92,0.0,47.0,64.0,79.0,55.0,58.0,49.0,39.0,0.0,6.0,7.0,144.5,98.0,11.01,61.5
6.49,94.0,1.36,1.0,57.0,99.0,83.0,3.0,2.0,13.5,0.04,0.0,69.0,69.0,74.0,98.0,96.0,86.0,84.0,1.0,5.0,9.0,133.6,63.0,4.02,70.83
7.08,89.0,1.9,0.0,61.0,47.0,71.0,5.0,1.0,8.9,0.46,1.0,54.0,52.0,93.0,92.0,94.0,36.0,97.0,0.0,7.0,1.0,89.4,54.0,3.05,44.76
5.76,86.0,0.84,1.0,51.0,70.0,87.0,4.0,3.0,14.2,0.57,5.0,44.0,53.0,94.0,94.0,80.0,34.0,95.0,0.0,7.0,2.0,96.3,94.0,9.03,56.39
9.67,74.0,2.24,0.0,46.0,50.0,92.0,2.0,1.0,13.9,0.83,2.0,49.0,97.0,82.0,79.0,68.0,85.0,79.0,0.0,1.0,2.0,186.4,77.0,8.48,55.35
6.28,58.0,1.57,0.0,65.0,93.0,37.0,2.0,4.0,7.4,0.27,2.0,62.0,48.0,92.0,90.0,95.0,51.0,35.0,0.0,4.0,7.0,84.3,34.0,5.3,32.16
8.63,94.0,0.73,1.0,55.0,93.0,46.0,5.0,1.0,17.9,0.73,0.0,64.0,88.0,79.0,95.0,98.0,44.0,67.0,0.0,2.0,1.0,2.2,32.0,1.69,73.65
6.19,75.0,1.17,1.0,62.0,80.0,43.0,3.0,1.0,2.1,0.8,4.0,47.0,65.0,81.0,56.0,78.0,67.0,49.0,0.0,1.0,3.0,177.6,54.0,6.86,25.4
7.92,68.0,1.28,0.0,71.0,78.0,66.0,1.0,2.0,13.1,0.92,6.0,61.0,83.0,59.0,54.0,98.0,51.0,42.0,0.0,7.0,3.0,224.1,77.0,10.22,53.12
8.17,81.0,2.29,0.0,54.0,70.0,40.0,5.0,2.0,14.6,0.78,0.0,47.0,92.0,94.0,43.0,72.0,32.0,88.0,0.0,3.0,10.0,228.1,45.0,9.94,43.93
8.11,94.0,0.91,0.0,76.0,62.0,49.0,4.0,2.0,15.5,0.57,5.0,62.0,66.0,53.0,45.0,60.0,43.0,70.0,0.0,2.0,1.0,15.4,48.0,7.98,46.69
5.91,82.0,1.52,0.0,52.0,65.0,64.0,4.0,4.0,17.8,0.7,3.0,71.0,64.0,76.0,55.0,58.0,31.0,86.0,0.0,7.0,0.0,130.5,91.0,8.75,41.72
9.45,80.0,1.34,1.0,44.0,80.0,82.0,1.0,3.0,5.3,0.92,4.0,47.0,81.0,73.0,65.0,73.0,90.0,40.0,0.0,5.0,7.0,38.1,63.0,9.56,53.08
6.7,56.0,0.54,0.0,50.0,84.0,76.0,2.0,2.0,12.8,0.71,4.0,43.0,75.0,58.0,96.0,74.0,61.0,62.0,1.0,4.0,1.0,189.7,24.0,8.94,35.9
6.08,79.0,2.09,0.0,49.0,96.0,81.0,2.0,1.0,2.1,0.37,2.0,69.0,54.0,97.0,76.0,74.0,67.0,84.0,1.0,6.0,3.0,166.3,52.0,5.69,33.74
9.5,57.0,0.64,0.0,91.0,90.0,37.0,3.0,2.0,7.3,0.71,0.0,58.0,62.0,46.0,62.0,96.0,75.0,72.0,1.0,6.0,2.0,74.3,24.0,2.33,50.76
9.8,62.0,1.45,0.0,52.0,88.0,33.0,5.0,4.0,15.3,0.04,5.0,62.0,87.0,34.0,52.0,58.0,71.0,64.0,1.0,7.0,1.0,29.2,55.0,4.06,49.41
9.38,87.0,1.62,0.0,80.0,66.0,56.0,3.0,1.0,6.6,0.39,1.0,57.0,83.0,79.0,86.0,61.0,35.0,88.0,1.0,3.0,7.0,207.8,96.0,2.88,57.72
5.89,77.0,0.52,1.0,54.0,87.0,73.0,1.0,1.0,17.5,0.13,6.0,72.0,55.0,40.0,66.0,77.0,70.0,82.0,0.0,4.0,4.0,202.6,21.0,11.53,35.85
5.86,64.0,1.47,0.0,71.0,95.0,77.0,4.0,3.0,10.1,0.94,7.0,72.0,45.0,38.0,74.0,99.0,39.0,87.0,0.0,5.0,5.0,241.8,56.0,5.4,57.31
6.49,62.0,1.17,0.0,74.0,64.0,55.0,1.0,0.0,6.0,0.17,4.0,46.0,99.0,31.0,52.0,92.0,99.0,51.0,0.0,4.0,8.0,44.7,20.0,6.64,18.9
5.84,82.0,1.4,0.0,87.0,69.0,87.0,0.0,2.0,15.3,0.75,7.0,67.0,97.0,31.0,87.0,90.0,88.0,43.0,0.0,1.0,1.0,47.0,86.0,9.8,61.45
7.66,75.0,2.27,0.0,45.0,55.0,57.0,3.0,4.0,14.5,0.81,0.0,78.0,83.0,32.0,41.0,67.0,84.0,93.0,0.0,4.0,4.0,229.0,65.0,1.29,40.85
8.17,62.0,1.43,0.0,40.0,59.0,95.0,0.0,4.0,12.5,0.03,6.0,73.0,93.0,97.0,85.0,95.0,99.0,47.0,0.0,6.0,4.0,39.8,67.0,6.53,60.77
9.21,63.0,0.65,1.0,43.0,52.0,39.0,3.0,2.0,0.1,0.09,6.0,78.0,53.0,35.0,91.0,84.0,82.0,46.0,0.0,6.0,3.0,240.6,87.0,7.37,33.37
7.07,69.0,1.28,0.0,50.0,63.0,87.0,0.0,2.0,7.7,0.05,4.0,58.0,75.0,34.0,78.0,66.0,89.0,70.0,0.0,6.0,7.0,79.8,38.0,8.95,24.44
8.55,94.0,2.11,0.0,83.0,67.0,43.0,3.0,0.0,3.6,0.33,6.0,70.0,51.0,32.0,76.0,85.0,90.0,44.0,1.0,6.0,10.0,97.8,59.0,4.4,47.76
8.05,72.0,2.3,1.0,65.0,71.0,44.0,5.0,1.0,16.4,0.51,2.0,52.0,61.0,39.0,53.0,77.0,65.0,50.0,0.0,2.0,4.0,38.4,25.0,7.29,28.62
8.46,56.0,1.28,0.0,60.0,71.0,59.0,5.0,4.0,4.7,0.37,2.0,62.0,96.0,50.0,67.0,71.0,45.0,64.0,0.0,4.0,0.0,119.0,91.0,1.28,45.07
9.4,70.0,2.44,1.0,84.0,94.0,42.0,0.0,0.0,10.8,0.3,4.0,40.0,77.0,57.0,64.0,96.0,65.0,61.0,0.0,5.0,0.0,145.9,24.0,9.33,38.04
8.69,57.0,0.63,0.0,84.0,86.0,91.0,4.0,3.0,1.6,0.53,3.0,72.0,48.0,50.0,85.0,56.0,85.0,79.0,0.0,6.0,5.0,93.6,56.0,4.93,58.47
8.64,81.0,0.65,0.0,66.0,83.0,45.0,5.0,0.0,6.7,0.27,0.0,89.0,55.0,53.0,67.0,97.0,86.0,43.0,0.0,6.0,0.0,166.9,30.0,2.62,48.55
8.56,94.0,1.25,0.0,78.0,85.0,95.0,1.0,3.0,13.0,0.13,6.0,95.0,96.0,83.0,41.0,58.0,62.0,95.0,1.0,1.0,11.0,51.4,59.0,9.31,80.58
8.28,92.0,2.11,0.0,79.0,77.0,72.0,3.0,1.0,10.0,0.82,5.0,72.0,53.0,67.0,56.0,69.0,52.0,69.0,1.0,5.0,7.0,80.0,84.0,7.39,57.25
8.89,87.0,1.37,0.0,52.0,63.0,37.0,4.0,2.0,7.6,1.0,1.0,71.0,74.0,46.0,98.0,86.0,92.0,81.0,0.0,6.0,3.0,197.0,27.0,6.27,58.31
9.46,55.0,1.62,0.0,98.0,63.0,41.0,3.0,1.0,6.6,0.38,6.0,67.0,84.0,74.0,43.0,51.0,51.0,51.0,0.0,6.0,0.0,187.6,90.0,2.08,40.91
9.42,62.0,1.14,0.0,55.0,77.0,45.0,4.0,0.0,16.9,0.62,6.0,76.0,49.0,90.0,52.0,71.0,96.0,89.0,0.0,2.0,10.0,89.7,77.0,4.17,60.77
5.63,91.0,0.94,0.0,69.0,91.0,88.0,0.0,1.0,1.0,0.72,5.0,80.0,56.0,40.0,57.0,97.0,88.0,40.0,0.0,4.0,2.0,137.9,67.0,4.8,41.4
6.08,91.0,1.25,1.0,79.0,67.0,92.0,1.0,3.0,16.0,0.9,4.0,48.0,59.0,67.0,90.0,54.0,46.0,84.0,0.0,6.0,9.0,246.6,79.0,10.44,56.36
6.22,60.0,1.43,1.0,92.0,76.0,80.0,0.0,2.0,5.3,0.65,1.0,50.0,82.0,72.0,80.0,71.0,53.0,59.0,0.0,1.0,7.0,46.2,26.0,3.22,30.37
9.18,73.0,1.95,0.0,81.0,56.0,62.0,4.0,0.0,12.9,0.95,7.0,72.0,86.0,60.0,63.0,59.0,67.0,35.0,0.0,7.0,4.0,210.4,96.0,3.54,59.3
9.24,86.0,1.81,0.0,64.0,52.0,59.0,5.0,3.0,1.5,0.79,6.0,58.0,90.0,64.0,47.0,95.0,86.0,83.0,0.0,1.0,6.0,133.8,44.0,3.09,67.45
6.79,65.0,0.94,0.0,65.0,72.0,52.0,5.0,0.0,13.1,0.47,1.0,81.0,84.0,52.0,72.0,95.0,99.0,86.0,1.0,6.0,11.0,178.0,66.0,5.16,56.37
8.34,75.0,0.51,1.0,72.0,93.0,44.0,4.0,4.0,12.2,0.83,0.0,70.0,66.0,44.0,52.0,72.0,40.0,77.0,0.0,3.0,11.0,58.3,61.0,2.36,57.44
6.67,84.0,2.11,0.0,67.0,70.0,75.0,1.0,4.0,15.0,0.73,3.0,91.0,70.0,66.0,49.0,84.0,81.0,54.0,0.0,3.0,11.0,26.1,24.0,1.22,55.49
8.35,67.0,2.05,0.0,48.0,49.0,93.0,2.0,2.0,0.7,0.99,5.0,41.0,63.0,33.0,56.0,50.0,54.0,67.0,0.0,7.0,11.0,66.7,42.0,2.74,16.71
9.01,58.0,0.63,0.0,44.0,59.0,85.0,2.0,4.0,6.7,0.87,7.0,77.0,88.0,51.0,44.0,58.0,74.0,41.0,1.0,4.0,11.0,208.2,20.0,2.74,47.33
5.98,82.0,2.03,1.0,93.0,57.0,73.0,4.0,1.0,2.7,0.77,2.0,71.0,91.0,46.0,96.0,58.0,96.0,55.0,1.0,5.0,11.0,69.7,93.0,7.22,50.51
8.92,92.0,1.67,0.0,91.0,72.0,58.0,5.0,3.0,10.1,0.36,0.0,49.0,83.0,67.0,98.0,71.0,69.0,70.0,1.0,7.0,4.0,155.3,73.0,7.29,73.58
7.94,85.0,2.06,1.0,93.0,77.0,91.0,2.0,3.0,16.5,0.73,4.0,80.0,80.0,53.0,48.0,51.0,75.0,88.0,1.0,4.0,5.0,119.9,91.0,3.89,72.98
8.35,79.0,1.54,1.0,74.0,77.0,86.0,1.0,4.0,0.0,0.53,6.0,69.0,98.0,35.0,91.0,55.0,67.0,87.0,1.0,5.0,6.0,42.0,70.0,2.65,62.5
8.69,80.0,2.28,0.0,81.0,60.0,86.0,5.0,3.0,8.1,0.57,3.0,47.0,70.0,85.0,82.0,50.0,90.0,80.0,1.0,4.0,0.0,86.0,54.0,8.24,61.47
8.12,89.0,2.32,0.0,87.0,83.0,84.0,5.0,0.0,2.2,0.93,1.0,54.0,62.0,60.0,46.0,92.0,65.0,92.0,0.0,5.0,5.0,64.8,83.0,9.78,55.88
8.29,83.0,1.69,0.0,53.0,70.0,37.0,4.0,0.0,0.5,0.75,3.0,63.0,59.0,80.0,62.0,66.0,94.0,96.0,1.0,7.0,3.0,95.2,37.0,7.02,34.74
9.42,92.0,2.28,0.0,81.0,45.0,77.0,4.0,1.0,5.0,0.75,3.0,80.0,87.0,87.0,62.0,78.0,84.0,83.0,1.0,2.0,8.0,4.6,75.0,1.2,73.06
9.88,60.0,1.66,0.0,77.0,93.0,90.0,0.0,3.0,15.7,0.2,1.0,80.0,75.0,33.0,70.0,56.0,83.0,39.0,1.0,6.0,11.0,33.9,86.0,7.46,55.95
9.86,73.0,1.76,0.0,43.0,82.0,44.0,2.0,0.0,10.9,0.37,3.0,84.0,72.0,39.0,96.0,93.0,93.0,85.0,0.0,3.0,0.0,91.2,72.0,10.12,52.65
6.09,56.0,1.45,0.0,72.0,93.0,51.0,4.0,3.0,9.6,0.02,4.0,66.0,73.0,44.0,45.0,54.0,54.0,83.0,0.0,2.0,2.0,150.3,85.0,5.74,28.91
